24.Season01.Episode01,00:40:58.45
24.Season01.Episode02,00:41:17.21
24.Season01.Episode03,00:42:17.45
24.Season01.Episode04,00:41:33.29
24.Season01.Episode05,00:41:47.11
24.Season01.Episode06,00:42:17.64
24.Season01.Episode07,00:42:15.89
24.Season01.Episode08,00:42:16.02
24.Season01.Episode09,00:42:16.87
24.Season01.Episode10,00:42:15.32
24.Season01.Episode11,00:42:14.68
24.Season01.Episode12,00:42:14.17
24.Season01.Episode13,00:42:15.08
24.Season01.Episode14,00:41:46.13
24.Season01.Episode15,00:42:19.09
24.Season01.Episode16,00:41:48.25
24.Season01.Episode17,00:42:18.33
24.Season01.Episode18,00:42:20.37
24.Season01.Episode19,00:40:55.40
24.Season01.Episode20,00:42:18.52
24.Season01.Episode21,00:42:20.97
24.Season01.Episode22,00:42:20.25
24.Season01.Episode23,00:42:17.32
24.Season01.Episode24,00:42:16.73
24.Season02.Episode01,00:49:48.18
24.Season02.Episode02,00:41:56.33
24.Season02.Episode03,00:41:56.33
24.Season02.Episode04,00:42:24.73
24.Season02.Episode05,00:42:23.21
24.Season02.Episode06,00:42:24.49
24.Season02.Episode07,00:42:24.92
24.Season02.Episode08,00:41:56.52
24.Season02.Episode09,00:41:56.71
24.Season02.Episode10,00:41:27.00
24.Season02.Episode11,00:40:59.05
24.Season02.Episode12,00:40:50.99
24.Season02.Episode13,00:40:58.47
24.Season02.Episode14,00:42:23.00
24.Season02.Episode15,00:42:26.13
24.Season02.Episode16,00:42:01.24
24.Season02.Episode17,00:42:26.01
24.Season02.Episode18,00:42:25.56
24.Season02.Episode19,00:42:14.55
24.Season02.Episode20,00:41:22.26
24.Season02.Episode21,00:42:25.05
24.Season02.Episode22,00:42:24.94
24.Season02.Episode23,00:41:28.15
24.Season02.Episode24,00:41:25.87
24.Season03.Episode01,00:49:38.20
24.Season03.Episode02,00:42:19.35
24.Season03.Episode03,00:41:39.54
24.Season03.Episode04,00:41:54.35
24.Season03.Episode05,00:42:11.22
24.Season03.Episode06,00:41:53.26
24.Season03.Episode07,00:40:48.66
24.Season03.Episode08,00:41:53.26
24.Season03.Episode09,00:42:24.81
24.Season03.Episode10,00:42:19.22
24.Season03.Episode11,00:41:38.41
24.Season03.Episode12,00:42:16.94
24.Season03.Episode13,00:42:22.51
24.Season03.Episode14,00:42:07.66
24.Season03.Episode15,00:41:54.33
24.Season03.Episode16,00:41:24.33
24.Season03.Episode17,00:42:17.49
24.Season03.Episode18,00:41:21.49
24.Season03.Episode19,00:42:17.83
24.Season03.Episode20,00:42:17.69
24.Season03.Episode21,00:41:56.20
24.Season03.Episode22,00:39:28.49
24.Season03.Episode23,00:40:26.79
24.Season03.Episode24,00:39:59.40
24.Season04.Episode01,00:41:14.65
24.Season04.Episode02,00:41:55.31
24.Season04.Episode03,00:42:06.25
24.Season04.Episode04,00:42:18.99
24.Season04.Episode05,00:42:10.65
24.Season04.Episode06,00:42:12.76
24.Season04.Episode07,00:42:14.44
24.Season04.Episode08,00:42:14.61
24.Season04.Episode09,00:41:32.01
24.Season04.Episode10,00:42:09.00
24.Season04.Episode11,00:41:55.22
24.Season04.Episode12,00:42:13.40
24.Season04.Episode13,00:42:13.97
24.Season04.Episode14,00:41:45.62
24.Season04.Episode15,00:41:26.17
24.Season04.Episode16,00:42:07.38
24.Season04.Episode17,00:42:13.40
24.Season04.Episode18,00:41:29.00
24.Season04.Episode19,00:42:14.63
24.Season04.Episode20,00:42:14.51
24.Season04.Episode21,00:42:15.59
24.Season04.Episode22,00:41:41.48
24.Season04.Episode23,00:42:04.82
24.Season04.Episode24,00:42:02.01
24.Season05.Episode01,00:40:43.41
24.Season05.Episode02,00:43:11.38
24.Season05.Episode03,00:41:32.50
24.Season05.Episode04,00:41:56.01
24.Season05.Episode05,00:42:17.05
24.Season05.Episode06,00:42:19.03
24.Season05.Episode07,00:41:32.18
24.Season05.Episode08,00:42:18.39
24.Season05.Episode09,00:41:50.98
24.Season05.Episode10,00:42:20.48
24.Season05.Episode11,00:41:21.11
24.Season05.Episode12,00:41:27.27
24.Season05.Episode13,00:42:17.11
24.Season05.Episode14,00:42:16.81
24.Season05.Episode15,00:42:18.20
24.Season05.Episode16,00:41:20.02
24.Season05.Episode17,00:42:18.41
24.Season05.Episode18,00:42:18.09
24.Season05.Episode19,00:42:13.97
24.Season05.Episode20,00:42:07.77
24.Season05.Episode21,00:41:38.84
24.Season05.Episode22,00:41:49.97
24.Season05.Episode23,00:42:15.45
24.Season05.Episode24,00:41:44.34
24.Season06.Episode01,00:41:21.51
24.Season06.Episode02,00:42:16.21
24.Season06.Episode03,00:42:12.52
24.Season06.Episode04,00:41:58.74
24.Season06.Episode05,00:41:47.37
24.Season06.Episode06,00:41:48.52
24.Season06.Episode07,00:42:16.79
24.Season06.Episode08,00:42:17.32
24.Season06.Episode09,00:41:18.38
24.Season06.Episode10,00:41:27.40
24.Season06.Episode11,00:42:02.45
24.Season06.Episode12,00:41:22.79
24.Season06.Episode13,00:41:55.82
24.Season06.Episode14,00:41:18.81
24.Season06.Episode15,00:42:06.29
24.Season06.Episode16,00:41:02.55
24.Season06.Episode17,00:42:14.57
24.Season06.Episode18,00:42:00.85
24.Season06.Episode19,00:41:56.20
24.Season06.Episode20,00:42:00.36
24.Season06.Episode21,00:41:35.85
24.Season06.Episode22,00:41:44.73
24.Season06.Episode23,00:40:19.05
24.Season06.Episode24,00:42:10.52
24.Season07.Episode01,00:44:27.61
24.Season07.Episode02,00:39:58.55
24.Season07.Episode03,00:42:16.02
24.Season07.Episode04,00:42:15.91
24.Season07.Episode05,00:41:01.16
24.Season07.Episode06,00:41:56.01
24.Season07.Episode07,00:41:31.50
24.Season07.Episode08,00:42:05.80
24.Season07.Episode09,00:42:15.27
24.Season07.Episode10,00:42:15.02
24.Season07.Episode11,00:41:50.23
24.Season07.Episode12,00:42:05.80
24.Season07.Episode13,00:42:14.17
24.Season07.Episode14,00:42:14.23
24.Season07.Episode15,00:41:46.67
24.Season07.Episode16,00:41:55.82
24.Season07.Episode17,00:42:14.23
24.Season07.Episode18,00:41:16.63
24.Season07.Episode19,00:41:17.21
24.Season07.Episode20,00:42:05.16
24.Season07.Episode21,00:42:06.36
24.Season07.Episode22,00:41:20.85
24.Season07.Episode23,00:41:46.26
24.Season07.Episode24,00:44:29.61
24.Season08.Episode01,00:40:58.01
24.Season08.Episode02,00:42:37.99
24.Season08.Episode03,00:39:34.19
24.Season08.Episode04,00:43:26.19
24.Season08.Episode05,00:42:18.20
24.Season08.Episode06,00:42:17.94
24.Season08.Episode07,00:42:13.99
24.Season08.Episode08,00:42:13.99
24.Season08.Episode09,00:41:36.53
24.Season08.Episode10,00:42:02.60
24.Season08.Episode11,00:41:23.22
24.Season08.Episode12,00:41:47.80
24.Season08.Episode13,00:41:42.19
24.Season08.Episode14,00:40:21.21
24.Season08.Episode15,00:41:16.59
24.Season08.Episode16,00:42:12.01
24.Season08.Episode17,00:42:12.01
24.Season08.Episode18,00:42:12.59
24.Season08.Episode19,00:42:11.61
24.Season08.Episode20,00:41:14.54
24.Season08.Episode21,00:42:12.29
24.Season08.Episode22,00:41:23.35
24.Season08.Episode23,00:42:12.71
24.Season08.Episode24,00:43:50.55
24.Season09.Episode01,00:42:34.01
24.Season09.Episode02,00:41:59.00
24.Season09.Episode03,00:40:52.84
24.Season09.Episode04,00:42:01.00
24.Season09.Episode05,00:41:41.01
24.Season09.Episode06,00:41:54.79
24.Season09.Episode07,00:41:12.53
24.Season09.Episode08,00:42:03.54
24.Season09.Episode09,00:41:46.41
24.Season09.Episode10,00:41:08.39
24.Season09.Episode11,00:41:06.01
24.Season09.Episode12,00:42:09.39
BattlestarGalactica.Season01.Episode01,00:42:52.76
BattlestarGalactica.Season01.Episode02,00:41:50.04
BattlestarGalactica.Season01.Episode03,00:41:56.71
BattlestarGalactica.Season01.Episode04,00:41:46.01
BattlestarGalactica.Season01.Episode05,00:41:55.11
BattlestarGalactica.Season01.Episode06,00:41:57.78
BattlestarGalactica.Season01.Episode07,00:41:57.74
BattlestarGalactica.Season01.Episode08,00:41:54.73
BattlestarGalactica.Season01.Episode09,00:41:56.05
BattlestarGalactica.Season01.Episode10,00:41:57.61
BattlestarGalactica.Season01.Episode11,00:41:53.90
BattlestarGalactica.Season01.Episode12,00:41:56.18
BattlestarGalactica.Season01.Episode13,00:41:54.58
BattlestarGalactica.Season02.Episode01,00:41:52.47
BattlestarGalactica.Season02.Episode02,00:41:44.47
BattlestarGalactica.Season02.Episode03,00:41:57.03
BattlestarGalactica.Season02.Episode04,00:41:57.87
BattlestarGalactica.Season02.Episode05,00:41:52.68
BattlestarGalactica.Season02.Episode06,00:41:56.01
BattlestarGalactica.Season02.Episode07,00:41:55.95
BattlestarGalactica.Season02.Episode08,00:41:59.27
BattlestarGalactica.Season02.Episode09,00:41:56.91
BattlestarGalactica.Season02.Episode10,00:56:28.14
BattlestarGalactica.Season02.Episode11,00:41:56.25
BattlestarGalactica.Season02.Episode12,00:41:56.63
BattlestarGalactica.Season02.Episode13,00:41:59.51
BattlestarGalactica.Season02.Episode14,00:41:57.99
BattlestarGalactica.Season02.Episode15,00:42:09.37
BattlestarGalactica.Season02.Episode16,00:42:45.55
BattlestarGalactica.Season02.Episode17,00:41:59.77
BattlestarGalactica.Season02.Episode18,00:41:33.55
BattlestarGalactica.Season02.Episode19,00:41:56.57
BattlestarGalactica.Season02.Episode20,
BattlestarGalactica.Season03.Episode01,00:43:12.02
BattlestarGalactica.Season03.Episode02,00:43:08.05
BattlestarGalactica.Season03.Episode03,00:41:53.05
BattlestarGalactica.Season03.Episode04,00:41:49.48
BattlestarGalactica.Season03.Episode05,00:42:03.82
BattlestarGalactica.Season03.Episode06,00:42:02.54
BattlestarGalactica.Season03.Episode07,00:41:03.38
BattlestarGalactica.Season03.Episode08,00:43:18.25
BattlestarGalactica.Season03.Episode09,00:41:58.12
BattlestarGalactica.Season03.Episode10,00:41:58.87
BattlestarGalactica.Season03.Episode11,00:41:55.09
BattlestarGalactica.Season03.Episode12,00:41:57.61
BattlestarGalactica.Season03.Episode13,00:41:55.69
BattlestarGalactica.Season03.Episode14,00:41:59.06
BattlestarGalactica.Season03.Episode15,00:41:48.97
BattlestarGalactica.Season03.Episode16,00:41:56.18
BattlestarGalactica.Season03.Episode17,00:41:53.77
BattlestarGalactica.Season03.Episode18,00:42:48.49
BattlestarGalactica.Season03.Episode19,00:42:49.45
BattlestarGalactica.Season03.Episode20,00:45:54.13
BattlestarGalactica.Season04.Episode01,00:41:52.87
BattlestarGalactica.Season04.Episode02,00:41:37.96
BattlestarGalactica.Season04.Episode03,00:41:59.45
BattlestarGalactica.Season04.Episode04,00:41:55.56
BattlestarGalactica.Season04.Episode05,00:41:53.69
BattlestarGalactica.Season04.Episode06,00:41:58.68
BattlestarGalactica.Season04.Episode07,00:41:58.19
BattlestarGalactica.Season04.Episode08,00:41:56.01
BattlestarGalactica.Season04.Episode09,00:42:02.09
BattlestarGalactica.Season04.Episode10,00:42:00.79
BattlestarGalactica.Season04.Episode11,00:44:46.44
BattlestarGalactica.Season04.Episode12,00:50:52.78
BattlestarGalactica.Season04.Episode13,00:41:53.07
BattlestarGalactica.Season04.Episode14,00:41:54.97
BattlestarGalactica.Season04.Episode15,00:41:56.97
BattlestarGalactica.Season04.Episode16,00:41:51.27
BattlestarGalactica.Season04.Episode17,00:42:03.37
BattlestarGalactica.Season04.Episode18,01:00:30.42
BattlestarGalactica.Season04.Episode19,02:26:17.30
BreakingBad.Season01.Episode01,00:55:44.53
BreakingBad.Season01.Episode02,00:46:15.51
BreakingBad.Season01.Episode03,00:46:14.81
BreakingBad.Season01.Episode04,00:46:17.00
BreakingBad.Season01.Episode05,00:46:14.61
BreakingBad.Season01.Episode06,00:46:09.39
BreakingBad.Season01.Episode07,00:45:48.39
BreakingBad.Season02.Episode01,00:45:20.41
BreakingBad.Season02.Episode02,00:46:00.79
BreakingBad.Season02.Episode03,00:45:05.58
BreakingBad.Season02.Episode04,00:45:29.19
BreakingBad.Season02.Episode05,00:45:25.99
BreakingBad.Season02.Episode06,00:45:26.63
BreakingBad.Season02.Episode07,00:45:26.38
BreakingBad.Season02.Episode08,00:45:25.99
BreakingBad.Season02.Episode09,00:45:25.99
BreakingBad.Season02.Episode10,00:45:27.13
BreakingBad.Season02.Episode11,00:45:26.29
BreakingBad.Season02.Episode12,00:45:29.00
BreakingBad.Season02.Episode13,00:45:39.43
BreakingBad.Season03.Episode01,00:45:21.00
BreakingBad.Season03.Episode02,00:45:19.00
BreakingBad.Season03.Episode03,00:45:21.00
BreakingBad.Season03.Episode04,00:45:21.00
BreakingBad.Season03.Episode05,00:45:22.01
BreakingBad.Season03.Episode06,00:45:22.01
BreakingBad.Season03.Episode07,00:45:22.01
BreakingBad.Season03.Episode08,00:45:22.99
BreakingBad.Season03.Episode09,00:45:21.00
BreakingBad.Season03.Episode10,00:45:21.00
BreakingBad.Season03.Episode11,00:45:21.00
BreakingBad.Season03.Episode12,00:45:17.99
BreakingBad.Season03.Episode13,00:45:22.01
BreakingBad.Season04.Episode01,00:45:16.39
BreakingBad.Season04.Episode02,00:44:06.29
BreakingBad.Season04.Episode03,00:44:20.27
BreakingBad.Season04.Episode04,00:43:22.45
BreakingBad.Season04.Episode05,00:45:17.67
BreakingBad.Season04.Episode06,00:45:17.67
BreakingBad.Season04.Episode07,00:45:17.23
BreakingBad.Season04.Episode08,00:45:17.23
BreakingBad.Season04.Episode09,00:45:17.40
BreakingBad.Season04.Episode10,00:45:17.21
BreakingBad.Season04.Episode11,00:45:02.93
BreakingBad.Season04.Episode12,00:44:06.19
BreakingBad.Season04.Episode13,00:48:23.51
BreakingBad.Season05.Episode01,00:41:18.38
BreakingBad.Season05.Episode02,00:45:23.99
BreakingBad.Season05.Episode03,00:45:22.20
BreakingBad.Season05.Episode04,00:45:31.18
BreakingBad.Season05.Episode05,00:46:06.38
BreakingBad.Season05.Episode06,00:45:29.39
BreakingBad.Season05.Episode07,00:45:22.13
BreakingBad.Season05.Episode08,00:45:26.19
BreakingBad.Season05.Episode09,00:45:27.19
BreakingBad.Season05.Episode10,00:45:27.98
BreakingBad.Season05.Episode11,00:45:27.79
BreakingBad.Season05.Episode12,00:45:19.98
BreakingBad.Season05.Episode13,00:44:20.78
BreakingBad.Season05.Episode14,00:45:17.99
BreakingBad.Season05.Episode15,00:51:14.99
BreakingBad.Season05.Episode16,00:52:59.18
BuffyTheVampireSlayer.Season01.Episode01,00:41:30.45
BuffyTheVampireSlayer.Season01.Episode02,00:43:01.14
BuffyTheVampireSlayer.Season01.Episode03,00:43:02.76
BuffyTheVampireSlayer.Season01.Episode04,00:43:06.09
BuffyTheVampireSlayer.Season01.Episode05,00:43:03.57
BuffyTheVampireSlayer.Season01.Episode06,00:43:04.34
BuffyTheVampireSlayer.Season01.Episode07,00:43:11.45
BuffyTheVampireSlayer.Season01.Episode08,00:43:01.74
BuffyTheVampireSlayer.Season01.Episode09,00:43:01.87
BuffyTheVampireSlayer.Season01.Episode10,00:43:03.08
BuffyTheVampireSlayer.Season01.Episode11,00:42:57.43
BuffyTheVampireSlayer.Season01.Episode12,00:43:28.43
BuffyTheVampireSlayer.Season02.Episode01,00:42:47.77
BuffyTheVampireSlayer.Season02.Episode02,00:42:16.85
BuffyTheVampireSlayer.Season02.Episode03,00:42:53.67
BuffyTheVampireSlayer.Season02.Episode04,00:42:54.76
BuffyTheVampireSlayer.Season02.Episode05,00:42:09.30
BuffyTheVampireSlayer.Season02.Episode06,00:42:09.49
BuffyTheVampireSlayer.Season02.Episode07,00:42:56.11
BuffyTheVampireSlayer.Season02.Episode08,00:42:53.01
BuffyTheVampireSlayer.Season02.Episode09,00:42:07.47
BuffyTheVampireSlayer.Season02.Episode10,00:41:27.70
BuffyTheVampireSlayer.Season02.Episode11,00:42:59.31
BuffyTheVampireSlayer.Season02.Episode12,00:42:27.88
BuffyTheVampireSlayer.Season02.Episode13,00:42:38.36
BuffyTheVampireSlayer.Season02.Episode14,00:42:25.96
BuffyTheVampireSlayer.Season02.Episode15,00:42:12.82
BuffyTheVampireSlayer.Season02.Episode16,00:42:52.76
BuffyTheVampireSlayer.Season02.Episode17,00:41:41.67
BuffyTheVampireSlayer.Season02.Episode18,00:41:20.55
BuffyTheVampireSlayer.Season02.Episode19,00:42:36.39
BuffyTheVampireSlayer.Season02.Episode20,00:41:04.09
BuffyTheVampireSlayer.Season02.Episode21,00:42:21.78
BuffyTheVampireSlayer.Season02.Episode22,00:42:16.53
BuffyTheVampireSlayer.Season03.Episode01,00:43:02.68
BuffyTheVampireSlayer.Season03.Episode02,00:43:05.05
BuffyTheVampireSlayer.Season03.Episode03,00:43:01.80
BuffyTheVampireSlayer.Season03.Episode04,00:43:04.85
BuffyTheVampireSlayer.Season03.Episode05,00:43:00.01
BuffyTheVampireSlayer.Season03.Episode06,00:42:36.12
BuffyTheVampireSlayer.Season03.Episode07,00:43:02.63
BuffyTheVampireSlayer.Season03.Episode08,00:43:04.02
BuffyTheVampireSlayer.Season03.Episode09,00:42:53.01
BuffyTheVampireSlayer.Season03.Episode10,00:43:33.48
BuffyTheVampireSlayer.Season03.Episode11,00:42:33.49
BuffyTheVampireSlayer.Season03.Episode12,00:42:54.12
BuffyTheVampireSlayer.Season03.Episode13,00:42:34.97
BuffyTheVampireSlayer.Season03.Episode14,00:42:42.52
BuffyTheVampireSlayer.Season03.Episode15,00:42:28.01
BuffyTheVampireSlayer.Season03.Episode16,00:43:04.02
BuffyTheVampireSlayer.Season03.Episode17,00:43:04.02
BuffyTheVampireSlayer.Season03.Episode18,00:42:50.45
BuffyTheVampireSlayer.Season03.Episode19,00:42:06.12
BuffyTheVampireSlayer.Season03.Episode20,00:42:39.21
BuffyTheVampireSlayer.Season03.Episode21,00:42:49.32
BuffyTheVampireSlayer.Season03.Episode22,00:42:41.24
BuffyTheVampireSlayer.Season04.Episode01,00:42:37.61
BuffyTheVampireSlayer.Season04.Episode02,00:41:05.64
BuffyTheVampireSlayer.Season04.Episode03,00:42:24.81
BuffyTheVampireSlayer.Season04.Episode04,00:40:49.19
BuffyTheVampireSlayer.Season04.Episode05,00:41:40.07
BuffyTheVampireSlayer.Season04.Episode06,00:42:05.33
BuffyTheVampireSlayer.Season04.Episode07,00:42:40.02
BuffyTheVampireSlayer.Season04.Episode08,00:42:43.69
BuffyTheVampireSlayer.Season04.Episode09,00:42:41.19
BuffyTheVampireSlayer.Season04.Episode10,00:42:42.03
BuffyTheVampireSlayer.Season04.Episode11,00:42:39.59
BuffyTheVampireSlayer.Season04.Episode12,00:42:42.20
BuffyTheVampireSlayer.Season04.Episode13,00:42:42.20
BuffyTheVampireSlayer.Season04.Episode14,00:42:01.71
BuffyTheVampireSlayer.Season04.Episode15,00:41:45.77
BuffyTheVampireSlayer.Season04.Episode16,00:42:45.03
BuffyTheVampireSlayer.Season04.Episode17,00:42:42.65
BuffyTheVampireSlayer.Season04.Episode18,00:42:44.07
BuffyTheVampireSlayer.Season04.Episode19,00:42:42.45
BuffyTheVampireSlayer.Season04.Episode20,00:42:16.21
BuffyTheVampireSlayer.Season04.Episode21,00:42:14.19
BuffyTheVampireSlayer.Season04.Episode22,00:42:40.81
BuffyTheVampireSlayer.Season05.Episode01,00:41:44.81
BuffyTheVampireSlayer.Season05.Episode02,00:41:26.29
BuffyTheVampireSlayer.Season05.Episode03,00:42:44.01
BuffyTheVampireSlayer.Season05.Episode04,00:42:28.01
BuffyTheVampireSlayer.Season05.Episode05,00:42:43.31
BuffyTheVampireSlayer.Season05.Episode06,00:42:44.27
BuffyTheVampireSlayer.Season05.Episode07,00:42:43.80
BuffyTheVampireSlayer.Season05.Episode08,00:41:46.01
BuffyTheVampireSlayer.Season05.Episode09,00:42:13.01
BuffyTheVampireSlayer.Season05.Episode10,00:42:42.99
BuffyTheVampireSlayer.Season05.Episode11,00:42:22.89
BuffyTheVampireSlayer.Season05.Episode12,00:42:40.73
BuffyTheVampireSlayer.Season05.Episode13,00:42:42.99
BuffyTheVampireSlayer.Season05.Episode14,00:42:41.24
BuffyTheVampireSlayer.Season05.Episode15,00:42:09.00
BuffyTheVampireSlayer.Season05.Episode16,00:42:37.99
BuffyTheVampireSlayer.Season05.Episode17,00:42:42.01
BuffyTheVampireSlayer.Season05.Episode18,00:42:41.00
BuffyTheVampireSlayer.Season05.Episode19,00:42:44.37
BuffyTheVampireSlayer.Season05.Episode20,00:42:42.01
BuffyTheVampireSlayer.Season05.Episode21,00:42:42.41
BuffyTheVampireSlayer.Season05.Episode22,00:42:42.01
BuffyTheVampireSlayer.Season06.Episode02,01:25:29.34
BuffyTheVampireSlayer.Season06.Episode03,00:41:32.35
BuffyTheVampireSlayer.Season06.Episode04,00:41:32.37
BuffyTheVampireSlayer.Season06.Episode05,00:41:32.33
BuffyTheVampireSlayer.Season06.Episode06,00:41:32.76
BuffyTheVampireSlayer.Season06.Episode07,00:48:33.62
BuffyTheVampireSlayer.Season06.Episode08,00:41:32.27
BuffyTheVampireSlayer.Season06.Episode09,00:41:26.95
BuffyTheVampireSlayer.Season06.Episode10,00:41:30.99
BuffyTheVampireSlayer.Season06.Episode11,00:41:35.72
BuffyTheVampireSlayer.Season06.Episode12,00:41:33.14
BuffyTheVampireSlayer.Season06.Episode13,00:41:33.33
BuffyTheVampireSlayer.Season06.Episode14,00:41:32.20
BuffyTheVampireSlayer.Season06.Episode15,00:41:32.91
BuffyTheVampireSlayer.Season06.Episode16,00:41:34.42
BuffyTheVampireSlayer.Season06.Episode17,00:41:33.23
BuffyTheVampireSlayer.Season06.Episode18,00:41:32.76
BuffyTheVampireSlayer.Season06.Episode19,00:41:32.82
BuffyTheVampireSlayer.Season06.Episode20,00:40:35.93
BuffyTheVampireSlayer.Season06.Episode21,00:41:14.47
BuffyTheVampireSlayer.Season06.Episode22,00:41:33.67
BuffyTheVampireSlayer.Season07.Episode01,00:40:03.41
BuffyTheVampireSlayer.Season07.Episode02,00:40:57.00
BuffyTheVampireSlayer.Season07.Episode03,00:40:59.69
BuffyTheVampireSlayer.Season07.Episode04,00:40:58.13
BuffyTheVampireSlayer.Season07.Episode05,00:40:59.63
BuffyTheVampireSlayer.Season07.Episode06,00:40:59.63
BuffyTheVampireSlayer.Season07.Episode07,00:40:57.51
BuffyTheVampireSlayer.Season07.Episode08,00:40:57.83
BuffyTheVampireSlayer.Season07.Episode09,00:40:02.01
BuffyTheVampireSlayer.Season07.Episode10,00:40:58.58
BuffyTheVampireSlayer.Season07.Episode11,00:40:58.79
BuffyTheVampireSlayer.Season07.Episode12,00:40:58.47
BuffyTheVampireSlayer.Season07.Episode13,00:40:58.84
BuffyTheVampireSlayer.Season07.Episode14,00:40:59.54
BuffyTheVampireSlayer.Season07.Episode15,00:41:00.76
BuffyTheVampireSlayer.Season07.Episode16,00:40:59.22
BuffyTheVampireSlayer.Season07.Episode17,00:41:02.36
BuffyTheVampireSlayer.Season07.Episode18,00:40:57.32
BuffyTheVampireSlayer.Season07.Episode19,00:40:58.60
BuffyTheVampireSlayer.Season07.Episode20,00:40:58.01
BuffyTheVampireSlayer.Season07.Episode21,00:40:58.99
BuffyTheVampireSlayer.Season07.Episode22,00:41:58.31
ER.Season01.Episode01,01:23:28.41
ER.Season01.Episode02,00:44:50.54
ER.Season01.Episode03,00:46:03.24
ER.Season01.Episode04,00:45:01.55
ER.Season01.Episode05,00:44:18.54
ER.Season01.Episode06,00:42:26.01
ER.Season01.Episode07,00:42:31.72
ER.Season01.Episode08,00:40:47.79
ER.Season01.Episode09,00:43:11.00
ER.Season01.Episode10,00:44:27.56
ER.Season01.Episode11,00:43:29.26
ER.Season01.Episode12,00:42:31.00
ER.Season01.Episode13,00:42:18.77
ER.Season01.Episode14,00:44:07.00
ER.Season01.Episode15,00:42:55.98
ER.Season01.Episode16,00:41:52.02
ER.Season01.Episode17,00:43:52.41
ER.Season01.Episode18,00:44:57.32
ER.Season01.Episode19,00:44:05.03
ER.Season01.Episode20,00:44:10.07
ER.Season01.Episode21,00:43:01.03
ER.Season01.Episode22,00:43:20.28
ER.Season01.Episode23,00:44:10.54
ER.Season01.Episode24,00:45:04.73
ER.Season01.Episode25,00:44:12.76
ER.Season02.Episode01,00:42:22.81
ER.Season02.Episode02,00:43:38.84
ER.Season02.Episode03,00:42:28.01
ER.Season02.Episode04,00:43:17.59
ER.Season02.Episode05,00:43:17.61
ER.Season02.Episode06,00:42:59.22
ER.Season02.Episode07,00:43:04.09
ER.Season02.Episode08,00:44:15.91
ER.Season02.Episode09,00:43:16.07
ER.Season02.Episode10,00:44:05.23
ER.Season02.Episode11,00:43:33.01
ER.Season02.Episode12,00:43:41.16
ER.Season02.Episode13,00:42:29.27
ER.Season02.Episode14,00:43:04.60
ER.Season02.Episode15,00:43:53.26
ER.Season02.Episode16,00:42:38.06
ER.Season02.Episode17,00:42:55.32
ER.Season02.Episode18,00:42:42.01
ER.Season02.Episode19,00:43:50.29
ER.Season02.Episode20,00:43:53.69
ER.Season02.Episode21,00:43:43.98
ER.Season02.Episode22,00:43:54.09
ER.Season03.Episode01,00:44:13.40
ER.Season03.Episode02,00:43:44.73
ER.Season03.Episode03,00:42:33.64
ER.Season03.Episode04,00:43:23.67
ER.Season03.Episode05,00:42:08.62
ER.Season03.Episode06,00:43:51.98
ER.Season03.Episode07,00:43:21.83
ER.Season03.Episode08,00:43:41.99
ER.Season03.Episode09,00:42:24.87
ER.Season03.Episode10,00:43:30.01
ER.Season03.Episode11,00:42:20.25
ER.Season03.Episode12,00:44:38.49
ER.Season03.Episode13,00:43:41.08
ER.Season03.Episode14,00:43:11.57
ER.Season03.Episode15,00:42:48.75
ER.Season03.Episode16,00:43:03.59
ER.Season03.Episode17,00:43:30.97
ER.Season03.Episode18,00:44:01.37
ER.Season03.Episode19,00:42:09.75
ER.Season03.Episode20,00:42:54.76
ER.Season03.Episode21,00:42:10.92
ER.Season03.Episode22,00:44:55.98
ER.Season04.Episode01,00:44:13.14
ER.Season04.Episode02,00:43:46.79
ER.Season04.Episode03,00:44:01.88
ER.Season04.Episode04,00:44:01.88
ER.Season04.Episode05,00:43:18.95
ER.Season04.Episode06,00:43:22.07
ER.Season04.Episode07,00:43:40.59
ER.Season04.Episode08,00:43:06.07
ER.Season04.Episode09,00:43:11.06
ER.Season04.Episode10,00:43:19.91
ER.Season04.Episode11,00:43:27.06
ER.Season04.Episode12,00:43:37.83
ER.Season04.Episode13,00:43:08.89
ER.Season04.Episode14,00:42:25.37
ER.Season04.Episode15,00:42:58.03
ER.Season04.Episode16,00:43:14.47
ER.Season04.Episode17,00:43:22.13
ER.Season04.Episode18,00:42:39.02
ER.Season04.Episode19,00:43:18.06
ER.Season04.Episode20,00:43:17.08
ER.Season04.Episode21,00:42:56.02
ER.Season04.Episode22,00:42:47.02
ER.Season05.Episode01,00:43:18.10
ER.Season05.Episode02,00:42:49.00
ER.Season05.Episode03,00:41:32.82
ER.Season05.Episode04,00:41:48.20
ER.Season05.Episode05,00:42:24.43
ER.Season05.Episode06,00:42:53.01
ER.Season05.Episode07,00:42:52.20
ER.Season05.Episode08,00:42:32.49
ER.Season05.Episode09,00:42:52.71
ER.Season05.Episode10,00:42:37.80
ER.Season05.Episode11,00:42:47.47
ER.Season05.Episode12,00:42:33.00
ER.Season05.Episode13,00:42:53.99
ER.Season05.Episode14,00:43:14.99
ER.Season05.Episode15,00:42:49.64
ER.Season05.Episode16,00:42:00.17
ER.Season05.Episode17,00:42:30.76
ER.Season05.Episode18,00:42:46.36
ER.Season05.Episode20,00:42:48.21
ER.Season05.Episode21,00:42:23.79
ER.Season05.Episode22,00:42:46.63
ER.Season06.Episode01,00:42:40.02
ER.Season06.Episode02,00:42:42.99
ER.Season06.Episode03,00:42:24.02
ER.Season06.Episode04,00:42:45.61
ER.Season06.Episode05,00:42:00.36
ER.Season06.Episode06,00:42:59.56
ER.Season06.Episode07,00:42:21.01
ER.Season06.Episode08,00:42:20.59
ER.Season06.Episode09,00:42:57.56
ER.Season06.Episode10,00:42:39.57
ER.Season06.Episode11,00:42:22.19
ER.Season06.Episode12,00:42:51.61
ER.Season06.Episode13,00:43:16.39
ER.Season06.Episode14,00:42:12.59
ER.Season06.Episode15,00:43:17.67
ER.Season06.Episode16,00:42:32.41
ER.Season06.Episode17,00:42:39.59
ER.Season06.Episode18,00:42:39.00
ER.Season06.Episode19,00:42:45.99
ER.Season06.Episode20,00:42:33.05
ER.Season06.Episode21,00:45:05.39
ER.Season06.Episode22,00:42:23.00
ER.Season07.Episode01,00:42:47.47
ER.Season07.Episode02,00:42:52.69
ER.Season07.Episode03,00:42:17.56
ER.Season07.Episode04,00:41:57.08
ER.Season07.Episode05,00:42:27.95
ER.Season07.Episode06,00:42:46.38
ER.Season07.Episode07,00:42:48.23
ER.Season07.Episode08,00:42:47.40
ER.Season07.Episode09,00:42:50.92
ER.Season07.Episode10,00:42:54.93
ER.Season07.Episode11,00:42:34.07
ER.Season07.Episode12,00:42:42.39
ER.Season07.Episode13,00:42:37.87
ER.Season07.Episode14,00:42:53.01
ER.Season07.Episode15,00:42:52.27
ER.Season07.Episode16,00:42:43.18
ER.Season07.Episode17,00:42:48.41
ER.Season07.Episode18,00:42:47.13
ER.Season07.Episode19,00:42:45.40
ER.Season07.Episode20,00:42:29.33
ER.Season07.Episode21,00:42:43.61
ER.Season07.Episode22,00:42:49.69
ER.Season08.Episode01,00:42:44.18
ER.Season08.Episode02,00:42:47.40
ER.Season08.Episode03,00:42:43.54
ER.Season08.Episode04,00:42:43.88
ER.Season08.Episode05,00:42:45.40
ER.Season08.Episode06,00:42:47.59
ER.Season08.Episode07,00:42:47.79
ER.Season08.Episode08,00:43:45.62
ER.Season08.Episode09,00:42:33.17
ER.Season08.Episode10,00:42:46.49
ER.Season08.Episode11,00:42:44.89
ER.Season08.Episode12,00:42:49.81
ER.Season08.Episode13,00:42:47.00
ER.Season08.Episode14,00:42:50.79
ER.Season08.Episode15,00:42:49.00
ER.Season08.Episode16,00:42:55.59
ER.Season08.Episode17,00:42:16.02
ER.Season08.Episode18,00:42:57.00
ER.Season08.Episode19,00:42:40.02
ER.Season08.Episode20,00:43:31.82
ER.Season08.Episode21,00:43:28.21
ER.Season08.Episode22,00:42:18.01
ER.Season09.Episode01,00:42:44.69
ER.Season09.Episode02,00:42:44.12
ER.Season09.Episode03,00:42:53.97
ER.Season09.Episode04,00:42:49.62
ER.Season09.Episode05,00:42:53.23
ER.Season09.Episode06,00:42:46.25
ER.Season09.Episode07,00:42:53.35
ER.Season09.Episode08,00:45:33.14
ER.Season09.Episode09,00:42:46.42
ER.Season09.Episode10,00:42:56.02
ER.Season09.Episode11,00:42:48.02
ER.Season09.Episode12,00:42:43.05
ER.Season09.Episode13,00:42:20.44
ER.Season09.Episode14,00:42:41.69
ER.Season09.Episode15,00:42:46.76
ER.Season09.Episode16,00:42:48.04
ER.Season09.Episode17,00:42:57.39
ER.Season09.Episode18,00:42:38.49
ER.Season09.Episode19,00:42:37.48
ER.Season09.Episode20,00:42:48.68
ER.Season09.Episode21,00:44:08.92
ER.Season09.Episode22,00:44:08.09
ER.Season10.Episode01,00:41:45.45
ER.Season10.Episode02,00:43:03.00
ER.Season10.Episode03,00:42:26.28
ER.Season10.Episode04,00:42:28.05
ER.Season10.Episode05,00:42:19.43
ER.Season10.Episode06,00:42:06.44
ER.Season10.Episode07,00:42:17.00
ER.Season10.Episode08,00:42:32.02
ER.Season10.Episode09,00:42:25.62
ER.Season10.Episode10,00:43:29.00
ER.Season10.Episode11,00:42:17.62
ER.Season10.Episode12,00:42:03.41
ER.Season10.Episode13,00:42:45.99
ER.Season10.Episode14,00:42:19.61
ER.Season10.Episode15,00:42:18.45
ER.Season10.Episode16,00:42:22.19
ER.Season10.Episode17,00:42:13.01
ER.Season10.Episode18,00:42:18.41
ER.Season10.Episode19,00:41:49.99
ER.Season10.Episode20,00:42:19.61
ER.Season10.Episode21,00:42:20.84
ER.Season10.Episode22,00:42:18.01
ER.Season11.Episode01,00:42:21.99
ER.Season11.Episode02,00:42:21.27
ER.Season11.Episode03,00:42:29.01
ER.Season11.Episode04,00:42:15.40
ER.Season11.Episode05,00:42:33.43
ER.Season11.Episode06,00:43:57.99
ER.Season11.Episode07,00:42:21.01
ER.Season11.Episode08,00:42:16.04
ER.Season11.Episode09,00:42:16.41
ER.Season11.Episode10,00:42:26.41
ER.Season11.Episode11,00:42:13.80
ER.Season11.Episode12,00:42:17.81
ER.Season11.Episode13,00:42:19.41
ER.Season11.Episode14,00:42:20.63
ER.Season11.Episode15,00:41:39.41
ER.Season11.Episode16,00:42:31.83
ER.Season11.Episode17,00:42:32.47
ER.Season11.Episode18,00:42:23.19
ER.Season11.Episode19,00:42:19.41
ER.Season11.Episode20,00:42:16.62
ER.Season11.Episode21,00:42:53.42
ER.Season11.Episode22,00:42:18.03
ER.Season12.Episode01,00:42:07.83
ER.Season12.Episode02,00:42:05.91
ER.Season12.Episode03,00:42:05.93
ER.Season12.Episode04,00:42:09.05
ER.Season12.Episode05,00:42:05.85
ER.Season12.Episode06,00:42:02.01
ER.Season12.Episode07,00:41:35.19
ER.Season12.Episode08,00:42:42.84
ER.Season12.Episode09,00:41:58.61
ER.Season12.Episode10,00:42:08.79
ER.Season12.Episode11,00:42:00.81
ER.Season12.Episode12,00:42:03.82
ER.Season12.Episode13,00:42:34.20
ER.Season12.Episode14,00:42:07.40
ER.Season12.Episode15,00:42:02.01
ER.Season12.Episode16,00:42:06.61
ER.Season12.Episode17,00:42:13.99
ER.Season12.Episode18,00:42:08.55
ER.Season12.Episode19,00:42:14.06
ER.Season12.Episode20,00:42:12.63
ER.Season12.Episode21,00:41:07.73
ER.Season12.Episode22,00:41:57.99
ER.Season13.Episode01,00:41:12.53
ER.Season13.Episode02,00:41:06.41
ER.Season13.Episode03,00:41:12.55
ER.Season13.Episode04,00:41:09.10
ER.Season13.Episode05,00:41:11.72
ER.Season13.Episode06,00:41:16.97
ER.Season13.Episode07,00:41:10.63
ER.Season13.Episode08,00:41:06.60
ER.Season13.Episode09,00:41:17.80
ER.Season13.Episode10,00:41:04.62
ER.Season13.Episode11,00:41:05.26
ER.Season13.Episode12,00:41:06.41
ER.Season13.Episode13,00:41:10.17
ER.Season13.Episode14,00:41:38.22
ER.Season13.Episode15,00:41:09.61
ER.Season13.Episode16,00:41:17.93
ER.Season13.Episode17,00:41:12.53
ER.Season13.Episode18,00:41:08.18
ER.Season13.Episode19,00:40:59.03
ER.Season13.Episode20,00:40:48.21
ER.Season13.Episode21,00:46:56.02
ER.Season13.Episode22,00:40:59.03
ER.Season13.Episode23,00:41:51.70
ER.Season14.Episode01,00:40:59.03
ER.Season14.Episode02,00:40:57.77
ER.Season14.Episode03,00:41:13.43
ER.Season14.Episode04,00:41:10.61
ER.Season14.Episode05,00:41:14.03
ER.Season14.Episode06,00:41:17.61
ER.Season14.Episode07,00:41:08.63
ER.Season14.Episode08,00:41:11.91
ER.Season14.Episode09,00:41:10.23
ER.Season14.Episode10,00:41:57.01
ER.Season14.Episode11,00:41:10.81
ER.Season14.Episode12,00:41:11.40
ER.Season14.Episode13,00:41:03.40
ER.Season14.Episode14,00:41:13.43
ER.Season14.Episode15,00:41:09.91
ER.Season14.Episode16,00:42:06.55
ER.Season14.Episode17,00:41:10.87
ER.Season14.Episode18,00:41:16.63
ER.Season14.Episode19,00:41:10.57
ER.Season15.Episode01,00:41:37.64
ER.Season15.Episode02,00:41:07.93
ER.Season15.Episode03,00:41:39.24
ER.Season15.Episode04,00:41:13.77
ER.Season15.Episode05,00:41:10.81
ER.Season15.Episode06,00:41:09.99
ER.Season15.Episode07,00:42:09.62
ER.Season15.Episode08,00:40:53.42
ER.Season15.Episode09,00:41:10.81
ER.Season15.Episode10,00:41:09.61
ER.Season15.Episode11,00:41:09.61
ER.Season15.Episode12,00:41:17.61
ER.Season15.Episode13,00:40:53.01
ER.Season15.Episode14,00:41:02.61
ER.Season15.Episode15,00:41:07.61
ER.Season15.Episode16,00:41:06.79
ER.Season15.Episode17,00:40:59.61
ER.Season15.Episode18,00:41:11.83
ER.Season15.Episode19,00:41:15.61
ER.Season15.Episode20,00:41:11.85
ER.Season15.Episode21,00:41:08.01
ER.Season15.Episode22,01:20:59.22
Friends.Season01.Episode01,00:21:54.41
Friends.Season01.Episode02,00:21:59.19
Friends.Season01.Episode03,00:21:59.27
Friends.Season01.Episode04,00:21:54.54
Friends.Season01.Episode05,00:21:50.23
Friends.Season01.Episode06,00:19:59.70
Friends.Season01.Episode07,00:21:42.23
Friends.Season01.Episode08,00:21:54.35
Friends.Season01.Episode09,00:21:55.75
Friends.Season01.Episode10,00:21:55.03
Friends.Season01.Episode11,00:21:53.83
Friends.Season01.Episode12,00:21:54.41
Friends.Season01.Episode13,00:21:54.67
Friends.Season01.Episode14,00:21:51.98
Friends.Season01.Episode15,00:21:54.13
Friends.Season01.Episode16,00:21:54.45
Friends.Season01.Episode17,00:21:52.02
Friends.Season01.Episode18,00:21:53.13
Friends.Season01.Episode19,00:21:49.03
Friends.Season01.Episode20,00:21:48.44
Friends.Season01.Episode21,00:21:51.59
Friends.Season01.Episode22,00:21:49.01
Friends.Season01.Episode23,00:21:48.39
Friends.Season01.Episode24,00:21:51.64
Friends.Season02.Episode01,00:21:55.73
Friends.Season02.Episode02,00:21:56.63
Friends.Season02.Episode03,00:21:57.99
Friends.Season02.Episode04,00:21:54.99
Friends.Season02.Episode05,00:21:55.69
Friends.Season02.Episode06,00:21:54.01
Friends.Season02.Episode07,00:22:04.01
Friends.Season02.Episode08,00:21:54.41
Friends.Season02.Episode09,00:21:51.98
Friends.Season02.Episode10,00:21:55.29
Friends.Season02.Episode11,00:21:55.67
Friends.Season02.Episode12,00:21:51.25
Friends.Season02.Episode13,00:21:56.01
Friends.Season02.Episode14,00:21:55.99
Friends.Season02.Episode15,00:21:56.27
Friends.Season02.Episode16,00:21:46.07
Friends.Season02.Episode17,00:21:50.68
Friends.Season02.Episode18,00:21:47.54
Friends.Season02.Episode19,00:21:54.77
Friends.Season02.Episode20,00:21:36.94
Friends.Season02.Episode21,00:22:06.23
Friends.Season02.Episode22,00:21:55.56
Friends.Season02.Episode23,00:21:51.59
Friends.Season02.Episode24,00:21:52.21
Friends.Season03.Episode01,00:21:55.48
Friends.Season03.Episode02,00:21:54.97
Friends.Season03.Episode03,00:21:55.18
Friends.Season03.Episode04,00:21:53.88
Friends.Season03.Episode05,00:21:55.61
Friends.Season03.Episode06,00:21:57.21
Friends.Season03.Episode07,00:21:56.01
Friends.Season03.Episode08,00:21:54.01
Friends.Season03.Episode09,00:21:54.92
Friends.Season03.Episode10,00:21:56.25
Friends.Season03.Episode11,00:21:56.01
Friends.Season03.Episode12,00:21:55.56
Friends.Season03.Episode13,00:21:54.54
Friends.Season03.Episode14,00:21:55.50
Friends.Season03.Episode15,00:21:50.61
Friends.Season03.Episode16,00:22:14.31
Friends.Season03.Episode17,00:21:54.60
Friends.Season03.Episode18,00:21:55.41
Friends.Season03.Episode19,00:21:52.02
Friends.Season03.Episode20,00:21:56.39
Friends.Season03.Episode21,00:21:55.86
Friends.Season03.Episode22,00:21:52.30
Friends.Season03.Episode23,00:21:54.03
Friends.Season03.Episode24,00:21:51.34
Friends.Season03.Episode25,00:21:52.02
Friends.Season04.Episode01,00:21:46.86
Friends.Season04.Episode02,00:21:22.41
Friends.Season04.Episode03,00:21:19.02
Friends.Season04.Episode04,00:21:20.66
Friends.Season04.Episode05,00:21:19.98
Friends.Season04.Episode06,00:21:34.61
Friends.Season04.Episode07,00:21:19.19
Friends.Season04.Episode08,00:21:48.33
Friends.Season04.Episode09,00:21:20.34
Friends.Season04.Episode10,00:21:21.00
Friends.Season04.Episode11,00:21:20.30
Friends.Season04.Episode12,00:21:19.59
Friends.Season04.Episode13,00:21:18.70
Friends.Season04.Episode14,00:21:17.99
Friends.Season04.Episode15,00:21:19.53
Friends.Season04.Episode16,00:21:21.26
Friends.Season04.Episode17,00:21:19.89
Friends.Season04.Episode18,00:21:19.15
Friends.Season04.Episode19,00:21:19.40
Friends.Season04.Episode20,00:21:17.14
Friends.Season04.Episode21,00:21:19.40
Friends.Season04.Episode22,00:21:17.23
Friends.Season04.Episode23,00:21:19.79
Friends.Season04.Episode24,00:21:17.61
Friends.Season05.Episode01,00:21:19.79
Friends.Season05.Episode02,00:21:19.89
Friends.Season05.Episode03,00:21:19.57
Friends.Season05.Episode04,00:21:17.99
Friends.Season05.Episode05,00:21:18.81
Friends.Season05.Episode06,00:21:17.65
Friends.Season05.Episode07,00:21:16.31
Friends.Season05.Episode08,00:21:16.97
Friends.Season05.Episode09,00:21:17.91
Friends.Season05.Episode10,00:21:17.91
Friends.Season05.Episode11,00:21:18.23
Friends.Season05.Episode12,00:21:16.57
Friends.Season05.Episode13,00:21:16.82
Friends.Season05.Episode14,00:21:16.78
Friends.Season05.Episode15,00:21:16.01
Friends.Season05.Episode16,00:21:17.01
Friends.Season05.Episode17,00:21:21.81
Friends.Season05.Episode18,00:21:22.22
Friends.Season05.Episode19,00:21:17.99
Friends.Season05.Episode20,00:21:17.99
Friends.Season05.Episode21,00:21:20.41
Friends.Season05.Episode22,00:21:18.19
Friends.Season06.Episode01,00:21:13.00
Friends.Season06.Episode02,00:21:01.48
Friends.Season06.Episode03,00:21:02.61
Friends.Season06.Episode04,00:21:01.35
Friends.Season06.Episode05,00:21:05.17
Friends.Season06.Episode06,00:21:04.49
Friends.Season06.Episode07,00:21:03.91
Friends.Season06.Episode08,00:20:53.67
Friends.Season06.Episode09,00:21:44.60
Friends.Season06.Episode10,00:21:03.13
Friends.Season06.Episode11,00:21:03.83
Friends.Season06.Episode12,00:21:02.87
Friends.Season06.Episode13,00:21:02.83
Friends.Season06.Episode14,00:21:07.18
Friends.Season06.Episode15,00:21:02.81
Friends.Season06.Episode16,00:21:03.13
Friends.Season06.Episode17,00:21:01.99
Friends.Season06.Episode18,00:21:01.99
Friends.Season06.Episode19,00:20:47.98
Friends.Season06.Episode20,00:21:02.19
Friends.Season06.Episode21,00:21:17.01
Friends.Season06.Episode22,00:21:11.47
Friends.Season06.Episode23,00:21:15.80
Friends.Season06.Episode24,00:21:03.98
Friends.Season06.Episode25,00:21:04.02
Friends.Season07.Episode01,00:21:01.74
Friends.Season07.Episode02,00:21:03.02
Friends.Season07.Episode03,00:20:24.73
Friends.Season07.Episode04,00:21:01.99
Friends.Season07.Episode05,00:21:02.87
Friends.Season07.Episode06,00:21:03.00
Friends.Season07.Episode07,00:21:03.00
Friends.Season07.Episode08,00:21:01.99
Friends.Season07.Episode09,00:21:01.91
Friends.Season07.Episode10,00:21:03.00
Friends.Season07.Episode11,00:21:03.00
Friends.Season07.Episode12,00:21:01.99
Friends.Season07.Episode13,00:21:03.98
Friends.Season07.Episode14,00:21:01.99
Friends.Season07.Episode15,00:21:30.99
Friends.Season07.Episode16,00:20:59.99
Friends.Season07.Episode17,00:21:05.05
Friends.Season07.Episode18,00:21:02.81
Friends.Season07.Episode19,00:21:03.15
Friends.Season07.Episode20,00:21:03.02
Friends.Season07.Episode21,00:21:03.00
Friends.Season07.Episode22,00:21:03.98
Friends.Season07.Episode23,00:21:01.42
Friends.Season07.Episode24,00:21:02.04
Friends.Season08.Episode01,00:21:33.65
Friends.Season08.Episode02,00:21:01.99
Friends.Season08.Episode03,00:21:03.59
Friends.Season08.Episode04,00:21:31.99
Friends.Season08.Episode05,00:21:03.47
Friends.Season08.Episode06,00:21:03.02
Friends.Season08.Episode07,00:21:04.02
Friends.Season08.Episode08,00:20:52.01
Friends.Season08.Episode09,00:21:03.45
Friends.Season08.Episode10,00:21:02.81
Friends.Season08.Episode11,00:21:01.99
Friends.Season08.Episode12,00:21:01.99
Friends.Season08.Episode13,00:20:43.88
Friends.Season08.Episode14,00:21:01.59
Friends.Season08.Episode15,00:21:03.00
Friends.Season08.Episode16,00:21:03.21
Friends.Season08.Episode17,00:21:02.61
Friends.Season08.Episode18,00:21:03.00
Friends.Season08.Episode19,00:21:02.04
Friends.Season08.Episode20,00:21:01.99
Friends.Season08.Episode21,00:21:02.81
Friends.Season08.Episode22,00:21:02.63
Friends.Season08.Episode23,00:21:02.51
Friends.Season08.Episode24,00:21:04.02
Friends.Season09.Episode01,00:22:15.45
Friends.Season09.Episode02,00:22:14.81
Friends.Season09.Episode03,00:22:14.04
Friends.Season09.Episode04,00:22:15.59
Friends.Season09.Episode05,00:22:13.85
Friends.Season09.Episode06,00:30:36.14
Friends.Season09.Episode07,00:22:14.83
Friends.Season09.Episode08,00:24:10.39
Friends.Season09.Episode09,00:22:14.55
Friends.Season09.Episode10,00:22:14.31
Friends.Season09.Episode11,00:22:14.61
Friends.Season09.Episode12,00:22:14.49
Friends.Season09.Episode13,00:29:32.20
Friends.Season09.Episode14,00:22:15.00
Friends.Season09.Episode15,00:21:45.71
Friends.Season09.Episode16,00:22:14.29
Friends.Season09.Episode17,00:22:53.99
Friends.Season09.Episode18,00:21:46.71
Friends.Season09.Episode19,00:23:13.07
Friends.Season09.Episode20,00:22:57.51
Friends.Season09.Episode21,00:25:53.19
Friends.Season09.Episode22,00:23:33.21
Friends.Season09.Episode23,00:20:11.75
Friends.Season09.Episode24,00:20:13.74
Friends.Season10.Episode01,00:28:02.41
Friends.Season10.Episode02,00:22:55.59
Friends.Season10.Episode03,00:23:09.99
Friends.Season10.Episode04,00:21:57.99
Friends.Season10.Episode05,00:27:03.02
Friends.Season10.Episode06,00:23:24.01
Friends.Season10.Episode07,00:22:14.81
Friends.Season10.Episode08,00:22:09.62
Friends.Season10.Episode09,00:23:49.01
Friends.Season10.Episode10,00:21:57.53
Friends.Season10.Episode11,00:26:21.01
Friends.Season10.Episode12,00:28:19.03
Friends.Season10.Episode13,00:22:36.18
Friends.Season10.Episode14,00:22:12.89
Friends.Season10.Episode15,00:22:13.46
Friends.Season10.Episode16,00:21:44.04
Friends.Season10.Episode17,00:45:40.01
GameOfThrones.Season01.Episode01,00:59:05.75
GameOfThrones.Season01.Episode02,00:53:01.53
GameOfThrones.Season01.Episode03,00:54:53.53
GameOfThrones.Season01.Episode04,00:53:21.11
GameOfThrones.Season01.Episode05,00:52:03.03
GameOfThrones.Season01.Episode06,00:50:26.54
GameOfThrones.Season01.Episode07,00:55:25.03
GameOfThrones.Season01.Episode08,00:55:45.32
GameOfThrones.Season01.Episode09,00:53:57.87
GameOfThrones.Season01.Episode10,00:50:27.88
GameOfThrones.Season02.Episode01,00:50:31.89
GameOfThrones.Season02.Episode02,00:51:18.29
GameOfThrones.Season02.Episode03,00:50:35.35
GameOfThrones.Season02.Episode04,00:48:36.46
GameOfThrones.Season02.Episode05,00:51:57.10
GameOfThrones.Season02.Episode06,00:51:46.77
GameOfThrones.Season02.Episode07,00:52:55.32
GameOfThrones.Season02.Episode08,00:51:10.06
GameOfThrones.Season02.Episode09,00:52:14.04
GameOfThrones.Season02.Episode10,01:00:50.86
GameOfThrones.Season03.Episode01,00:52:17.51
GameOfThrones.Season03.Episode02,00:54:45.16
GameOfThrones.Season03.Episode03,00:50:39.25
GameOfThrones.Season03.Episode04,00:51:11.89
GameOfThrones.Season03.Episode05,00:55:04.36
GameOfThrones.Season03.Episode06,00:51:10.93
GameOfThrones.Season03.Episode07,00:55:16.07
GameOfThrones.Season03.Episode08,00:54:03.11
GameOfThrones.Season03.Episode09,00:48:43.43
GameOfThrones.Season03.Episode10,01:00:09.64
GameOfThrones.Season04.Episode01,00:55:50.04
GameOfThrones.Season04.Episode02,00:50:24.94
GameOfThrones.Season04.Episode03,00:54:33.83
GameOfThrones.Season04.Episode04,00:52:48.94
GameOfThrones.Season04.Episode05,00:51:01.27
GameOfThrones.Season04.Episode06,00:48:36.69
GameOfThrones.Season04.Episode07,00:48:59.73
GameOfThrones.Season04.Episode08,00:50:14.23
GameOfThrones.Season04.Episode09,00:48:29.97
GameOfThrones.Season04.Episode10,01:02:39.19
GameOfThrones.Season05.Episode01,00:50:01.19
GameOfThrones.Season05.Episode02,00:53:16.25
GameOfThrones.Season05.Episode03,00:57:27.57
GameOfThrones.Season05.Episode04,00:48:19.80
GameOfThrones.Season05.Episode05,00:54:20.95
GameOfThrones.Season05.Episode06,00:51:28.15
GameOfThrones.Season05.Episode07,00:56:25.24
GameOfThrones.Season05.Episode08,00:57:33.53
GameOfThrones.Season05.Episode09,00:50:12.31
GameOfThrones.Season05.Episode10,00:57:45.07
GameOfThrones.Season06.Episode01,00:47:57.16
GameOfThrones.Season06.Episode02,00:51:28.55
GameOfThrones.Season06.Episode03,00:50:02.03
GameOfThrones.Season06.Episode04,00:56:15.47
GameOfThrones.Season06.Episode05,00:54:26.65
GameOfThrones.Season06.Episode06,00:49:19.25
GameOfThrones.Season06.Episode07,00:48:15.19
GameOfThrones.Season06.Episode08,00:55:55.48
GameOfThrones.Season06.Episode09,00:56:49.96
GameOfThrones.Season06.Episode10,01:05:12.30
HarryPotter.Episode01,02:26:07.02
HarryPotter.Episode02,02:34:21.87
HarryPotter.Episode03,02:15:51.25
HarryPotter.Episode04,02:30:36.82
HarryPotter.Episode05,02:12:33.64
HarryPotter.Episode06,02:27:12.02
HarryPotter.Episode07,02:20:05.99
HarryPotter.Episode08,02:05:05.32
Homeland.Season01.Episode01,00:53:04.60
Homeland.Season01.Episode02,00:48:23.19
Homeland.Season01.Episode03,00:47:00.59
Homeland.Season01.Episode04,00:47:43.59
Homeland.Season01.Episode05,00:53:19.59
Homeland.Season01.Episode06,00:47:03.00
Homeland.Season01.Episode07,00:55:33.80
Homeland.Season01.Episode08,00:47:30.20
Homeland.Season01.Episode09,00:47:22.33
Homeland.Season01.Episode10,00:46:11.99
Homeland.Season01.Episode11,00:52:02.79
Homeland.Season01.Episode12,01:20:55.19
Homeland.Season02.Episode01,00:53:07.18
Homeland.Season02.Episode02,00:46:23.38
Homeland.Season02.Episode03,00:52:01.19
Homeland.Season02.Episode04,00:47:08.20
Homeland.Season02.Episode05,00:53:59.98
Homeland.Season02.Episode06,00:47:13.11
Homeland.Season02.Episode07,00:50:21.21
Homeland.Season02.Episode08,00:49:27.59
Homeland.Season02.Episode09,00:45:51.19
Homeland.Season02.Episode10,00:45:57.72
Homeland.Season02.Episode11,00:50:08.62
Homeland.Season02.Episode12,01:02:26.99
Homeland.Season03.Episode01,00:55:45.26
Homeland.Season03.Episode02,00:46:41.71
Homeland.Season03.Episode03,00:51:19.47
Homeland.Season03.Episode04,00:47:22.99
Homeland.Season03.Episode05,00:44:56.73
Homeland.Season03.Episode06,00:46:36.05
Homeland.Season03.Episode07,00:45:47.80
Homeland.Season03.Episode08,00:44:33.37
Homeland.Season03.Episode09,00:54:26.52
Homeland.Season03.Episode10,00:44:35.93
Homeland.Season03.Episode11,00:51:40.20
Homeland.Season03.Episode12,00:57:31.09
Homeland.Season04.Episode01,00:46:55.32
Homeland.Season04.Episode02,00:46:26.20
Homeland.Season04.Episode03,00:46:55.19
Homeland.Season04.Episode04,00:50:22.49
Homeland.Season04.Episode05,00:45:15.63
Homeland.Season04.Episode06,00:46:37.42
Homeland.Season04.Episode07,00:48:57.00
Homeland.Season04.Episode08,00:47:38.03
Homeland.Season04.Episode09,00:45:26.19
Homeland.Season04.Episode10,00:43:26.63
Homeland.Season04.Episode11,00:42:44.25
Homeland.Season04.Episode12,00:50:25.58
Homeland.Season05.Episode01,00:48:07.66
Homeland.Season05.Episode02,00:46:17.26
Homeland.Season05.Episode03,00:55:55.48
Homeland.Season05.Episode04,00:46:50.28
Homeland.Season05.Episode05,00:49:17.35
Homeland.Season05.Episode06,00:44:23.25
Homeland.Season05.Episode07,00:47:55.61
Homeland.Season05.Episode08,00:49:57.67
Homeland.Season05.Episode09,00:53:01.01
Homeland.Season05.Episode10,00:50:10.86
Homeland.Season05.Episode11,00:57:28.28
Homeland.Season05.Episode12,00:55:24.89
Homeland.Season06.Episode01,00:48:44.82
Homeland.Season06.Episode02,00:53:01.14
Homeland.Season06.Episode03,00:47:40.07
Homeland.Season06.Episode04,00:47:53.62
Homeland.Season06.Episode05,00:43:33.14
Homeland.Season06.Episode06,00:45:12.62
Homeland.Season06.Episode07,00:49:25.40
Homeland.Season06.Episode08,00:52:14.70
Homeland.Season06.Episode09,00:45:49.14
Homeland.Season06.Episode10,00:50:07.70
Homeland.Season06.Episode11,00:45:03.15
Homeland.Season06.Episode12,00:51:09.99
Lost.Season01.Episode01,00:40:33.77
Lost.Season01.Episode02,00:38:38.49
Lost.Season01.Episode03,00:41:40.50
Lost.Season01.Episode04,00:40:57.19
Lost.Season01.Episode05,00:40:46.25
Lost.Season01.Episode06,00:41:00.39
Lost.Season01.Episode07,00:41:28.81
Lost.Season01.Episode08,00:41:24.76
Lost.Season01.Episode09,00:41:21.81
Lost.Season01.Episode10,00:40:59.75
Lost.Season01.Episode11,00:40:25.39
Lost.Season01.Episode12,00:41:26.81
Lost.Season01.Episode13,00:41:31.93
Lost.Season01.Episode14,00:41:30.41
Lost.Season01.Episode15,00:39:54.67
Lost.Season01.Episode16,00:41:30.77
Lost.Season01.Episode17,00:41:18.93
Lost.Season01.Episode18,00:41:22.01
Lost.Season01.Episode19,00:40:55.91
Lost.Season01.Episode20,00:41:30.45
Lost.Season01.Episode21,00:41:30.67
Lost.Season01.Episode22,00:41:30.41
Lost.Season01.Episode23,00:41:32.33
Lost.Season01.Episode24,00:41:18.23
Lost.Season01.Episode25,00:41:32.20
Lost.Season02.Episode01,00:41:28.60
Lost.Season02.Episode02,00:40:43.99
Lost.Season02.Episode03,00:41:27.83
Lost.Season02.Episode04,00:41:26.44
Lost.Season02.Episode05,00:40:44.01
Lost.Season02.Episode06,00:41:06.99
Lost.Season02.Episode07,00:44:21.61
Lost.Season02.Episode08,00:40:43.61
Lost.Season02.Episode09,00:44:00.41
Lost.Season02.Episode10,00:41:33.59
Lost.Season02.Episode11,00:41:25.53
Lost.Season02.Episode12,00:41:19.21
Lost.Season02.Episode13,00:42:36.82
Lost.Season02.Episode14,00:42:54.49
Lost.Season02.Episode15,00:44:14.57
Lost.Season02.Episode16,00:41:29.69
Lost.Season02.Episode17,00:41:29.00
Lost.Season02.Episode18,00:44:26.60
Lost.Season02.Episode19,00:41:29.62
Lost.Season02.Episode20,00:41:30.20
Lost.Season02.Episode21,00:44:16.36
Lost.Season02.Episode22,00:43:27.91
Lost.Season02.Episode23,01:23:03.17
Lost.Season03.Episode01,00:41:30.01
Lost.Season03.Episode02,00:41:29.32
Lost.Season03.Episode03,00:40:20.71
Lost.Season03.Episode04,00:41:30.99
Lost.Season03.Episode05,00:41:30.90
Lost.Season03.Episode06,00:41:24.25
Lost.Season03.Episode07,00:41:31.22
Lost.Season03.Episode08,00:41:25.55
Lost.Season03.Episode09,00:41:26.44
Lost.Season03.Episode10,00:41:23.22
Lost.Season03.Episode11,00:41:18.76
Lost.Season03.Episode12,00:41:19.25
Lost.Season03.Episode13,00:41:26.36
Lost.Season03.Episode14,00:40:44.82
Lost.Season03.Episode15,00:41:23.86
Lost.Season03.Episode16,00:41:26.61
Lost.Season03.Episode17,00:40:32.34
Lost.Season03.Episode18,00:41:23.63
Lost.Season03.Episode19,00:41:26.42
Lost.Season03.Episode20,00:41:25.99
Lost.Season03.Episode21,00:41:25.23
Lost.Season03.Episode22,01:22:47.00
Lost.Season04.Episode01,00:41:22.67
Lost.Season04.Episode02,00:41:22.99
Lost.Season04.Episode03,00:41:19.96
Lost.Season04.Episode04,00:41:18.29
Lost.Season04.Episode05,00:41:23.11
Lost.Season04.Episode06,00:41:15.09
Lost.Season04.Episode07,00:41:00.31
Lost.Season04.Episode08,00:41:26.68
Lost.Season04.Episode09,00:41:00.52
Lost.Season04.Episode10,00:41:21.51
Lost.Season04.Episode11,00:41:21.51
Lost.Season04.Episode12,00:41:09.91
Lost.Season04.Episode13,00:40:13.72
Lost.Season04.Episode14,00:41:23.50
Lost.Season05.Episode01,00:48:10.54
Lost.Season05.Episode02,00:41:15.31
Lost.Season05.Episode03,00:47:50.02
Lost.Season05.Episode04,00:45:14.47
Lost.Season05.Episode05,00:39:55.22
Lost.Season05.Episode06,00:54:21.48
Lost.Season05.Episode07,00:50:33.17
Lost.Season05.Episode12,00:48:37.70
Lost.Season05.Episode13,00:43:14.84
Lost.Season05.Episode14,00:39:47.31
Lost.Season05.Episode15,00:46:19.09
Lost.Season06.Episode05,00:35:11.72
Lost.Season06.Episode06,00:31:51.32
Lost.Season06.Episode07,00:40:07.53
Lost.Season06.Episode08,00:41:02.02
Lost.Season06.Episode09,00:31:40.31
Lost.Season06.Episode10,00:41:22.99
Lost.Season06.Episode11,00:40:35.56
Lost.Season06.Episode12,00:38:53.85
Lost.Season06.Episode17,01:44:16.43
SixFeetUnder.Season01.Episode01,01:02:51.48
SixFeetUnder.Season01.Episode02,00:52:00.30
SixFeetUnder.Season01.Episode03,00:52:50.09
SixFeetUnder.Season01.Episode04,00:51:26.10
SixFeetUnder.Season01.Episode05,00:54:09.45
SixFeetUnder.Season01.Episode06,00:57:05.45
SixFeetUnder.Season01.Episode07,00:50:52.52
SixFeetUnder.Season01.Episode08,00:56:16.68
SixFeetUnder.Season01.Episode09,00:55:05.88
SixFeetUnder.Season01.Episode10,00:58:54.19
SixFeetUnder.Season01.Episode11,00:54:58.09
SixFeetUnder.Season01.Episode12,00:56:57.62
SixFeetUnder.Season01.Episode13,00:59:21.37
SixFeetUnder.Season02.Episode01,00:57:28.23
SixFeetUnder.Season02.Episode02,00:56:57.37
SixFeetUnder.Season02.Episode03,00:56:35.48
SixFeetUnder.Season02.Episode04,00:57:39.56
SixFeetUnder.Season02.Episode05,00:55:30.47
SixFeetUnder.Season02.Episode06,00:55:18.44
SixFeetUnder.Season02.Episode07,00:56:15.38
SixFeetUnder.Season02.Episode08,00:54:10.09
SixFeetUnder.Season02.Episode09,00:56:12.20
SixFeetUnder.Season02.Episode10,00:56:41.81
SixFeetUnder.Season02.Episode11,00:49:24.44
SixFeetUnder.Season02.Episode12,00:55:40.27
SixFeetUnder.Season02.Episode13,00:59:05.13
SixFeetUnder.Season03.Episode01,00:48:09.30
SixFeetUnder.Season03.Episode02,00:50:28.89
SixFeetUnder.Season03.Episode03,00:51:12.41
SixFeetUnder.Season03.Episode04,00:51:16.18
SixFeetUnder.Season03.Episode05,00:55:03.40
SixFeetUnder.Season03.Episode06,00:49:43.25
SixFeetUnder.Season03.Episode07,00:47:56.39
SixFeetUnder.Season03.Episode08,00:55:11.15
SixFeetUnder.Season03.Episode09,00:53:07.73
SixFeetUnder.Season03.Episode10,00:50:28.07
SixFeetUnder.Season03.Episode11,00:49:01.29
SixFeetUnder.Season03.Episode12,00:52:38.10
SixFeetUnder.Season03.Episode13,00:59:26.57
SixFeetUnder.Season04.Episode01,00:57:20.17
SixFeetUnder.Season04.Episode02,00:49:16.82
SixFeetUnder.Season04.Episode03,00:55:20.09
SixFeetUnder.Season04.Episode04,00:56:30.17
SixFeetUnder.Season04.Episode05,00:56:27.48
SixFeetUnder.Season04.Episode06,00:53:43.13
SixFeetUnder.Season04.Episode07,00:56:25.39
SixFeetUnder.Season04.Episode08,00:52:40.17
SixFeetUnder.Season04.Episode09,00:54:42.90
SixFeetUnder.Season04.Episode10,00:48:09.30
SixFeetUnder.Season04.Episode11,00:48:55.47
SixFeetUnder.Season04.Episode12,00:58:57.51
SixFeetUnder.Season05.Episode01,00:52:21.55
SixFeetUnder.Season05.Episode02,00:50:44.18
SixFeetUnder.Season05.Episode03,00:48:02.90
SixFeetUnder.Season05.Episode04,00:49:21.51
SixFeetUnder.Season05.Episode05,00:47:27.77
SixFeetUnder.Season05.Episode06,00:52:43.73
SixFeetUnder.Season05.Episode07,00:54:24.17
SixFeetUnder.Season05.Episode08,00:53:20.68
SixFeetUnder.Season05.Episode09,00:46:53.03
SixFeetUnder.Season05.Episode10,00:54:47.13
SixFeetUnder.Season05.Episode11,00:52:06.29
SixFeetUnder.Season05.Episode12,01:09:06.73
StarWars.Episode01,02:10:40.41
StarWars.Episode02,02:16:37.85
StarWars.Episode03,02:14:23.06
StarWars.Episode04,01:59:38.03
StarWars.Episode05,02:02:08.60
StarWars.Episode06,02:09:16.05
StarWars.Episode07,02:12:26.41
TheBigBangTheory.Season01.Episode01,00:21:59.57
TheBigBangTheory.Season01.Episode02,00:20:15.66
TheBigBangTheory.Season01.Episode03,00:21:10.29
TheBigBangTheory.Season01.Episode04,00:19:50.89
TheBigBangTheory.Season01.Episode05,00:19:23.50
TheBigBangTheory.Season01.Episode06,00:20:12.07
TheBigBangTheory.Season01.Episode07,00:20:20.78
TheBigBangTheory.Season01.Episode08,00:19:24.44
TheBigBangTheory.Season01.Episode09,00:18:44.07
TheBigBangTheory.Season01.Episode10,00:19:50.42
TheBigBangTheory.Season01.Episode11,00:21:07.35
TheBigBangTheory.Season01.Episode12,00:19:18.25
TheBigBangTheory.Season01.Episode13,00:20:48.60
TheBigBangTheory.Season01.Episode14,00:19:17.40
TheBigBangTheory.Season01.Episode15,00:20:58.41
TheBigBangTheory.Season01.Episode16,00:18:59.05
TheBigBangTheory.Season01.Episode17,00:19:20.87
TheBigBangTheory.Season02.Episode01,00:20:56.02
TheBigBangTheory.Season02.Episode02,00:20:23.02
TheBigBangTheory.Season02.Episode03,00:20:22.23
TheBigBangTheory.Season02.Episode04,00:20:29.53
TheBigBangTheory.Season02.Episode05,00:19:12.02
TheBigBangTheory.Season02.Episode06,00:20:08.30
TheBigBangTheory.Season02.Episode07,00:20:18.33
TheBigBangTheory.Season02.Episode08,00:19:18.61
TheBigBangTheory.Season02.Episode09,00:20:11.88
TheBigBangTheory.Season02.Episode10,00:20:26.22
TheBigBangTheory.Season02.Episode11,00:20:10.26
TheBigBangTheory.Season02.Episode12,00:20:28.37
TheBigBangTheory.Season02.Episode13,00:20:32.21
TheBigBangTheory.Season02.Episode14,00:20:42.22
TheBigBangTheory.Season02.Episode15,00:20:05.61
TheBigBangTheory.Season02.Episode16,00:20:26.41
TheBigBangTheory.Season02.Episode17,00:20:26.22
TheBigBangTheory.Season02.Episode18,00:19:43.40
TheBigBangTheory.Season02.Episode19,00:19:35.59
TheBigBangTheory.Season02.Episode20,00:19:23.22
TheBigBangTheory.Season02.Episode21,00:20:41.69
TheBigBangTheory.Season02.Episode22,00:17:51.21
TheBigBangTheory.Season02.Episode23,00:20:26.60
TheBigBangTheory.Season03.Episode01,00:20:41.90
TheBigBangTheory.Season03.Episode02,00:20:34.73
TheBigBangTheory.Season03.Episode03,00:19:39.93
TheBigBangTheory.Season03.Episode04,00:20:25.90
TheBigBangTheory.Season03.Episode05,00:20:17.64
TheBigBangTheory.Season03.Episode06,00:18:51.99
TheBigBangTheory.Season03.Episode07,00:18:46.06
TheBigBangTheory.Season03.Episode08,00:20:06.06
TheBigBangTheory.Season03.Episode09,00:18:30.81
TheBigBangTheory.Season03.Episode10,00:20:31.83
TheBigBangTheory.Season03.Episode11,00:19:01.80
TheBigBangTheory.Season03.Episode12,00:18:45.80
TheBigBangTheory.Season03.Episode13,00:19:32.01
TheBigBangTheory.Season03.Episode14,00:18:06.61
TheBigBangTheory.Season03.Episode15,00:20:29.59
TheBigBangTheory.Season03.Episode16,00:20:12.20
TheBigBangTheory.Season03.Episode17,00:19:43.70
TheBigBangTheory.Season03.Episode18,00:20:37.80
TheBigBangTheory.Season03.Episode19,00:20:11.22
TheBigBangTheory.Season03.Episode20,00:19:24.39
TheBigBangTheory.Season03.Episode21,00:20:29.03
TheBigBangTheory.Season03.Episode22,00:19:25.78
TheBigBangTheory.Season03.Episode23,00:19:26.61
TheBigBangTheory.Season04.Episode01,00:20:37.85
TheBigBangTheory.Season04.Episode02,00:20:04.07
TheBigBangTheory.Season04.Episode03,00:20:40.04
TheBigBangTheory.Season04.Episode04,00:18:50.67
TheBigBangTheory.Season04.Episode05,00:19:47.43
TheBigBangTheory.Season04.Episode06,00:20:43.05
TheBigBangTheory.Season04.Episode07,00:20:41.45
TheBigBangTheory.Season04.Episode08,00:18:29.46
TheBigBangTheory.Season04.Episode09,00:20:16.04
TheBigBangTheory.Season04.Episode10,00:19:21.64
TheBigBangTheory.Season04.Episode11,00:19:36.04
TheBigBangTheory.Season04.Episode12,00:20:43.43
TheBigBangTheory.Season04.Episode13,00:20:36.25
TheBigBangTheory.Season04.Episode14,00:20:42.26
TheBigBangTheory.Season04.Episode15,00:19:14.84
TheBigBangTheory.Season04.Episode16,00:19:48.25
TheBigBangTheory.Season04.Episode17,00:20:39.06
TheBigBangTheory.Season04.Episode18,00:20:12.25
TheBigBangTheory.Season04.Episode19,00:20:39.77
TheBigBangTheory.Season04.Episode20,00:20:09.00
TheBigBangTheory.Season04.Episode21,00:19:58.04
TheBigBangTheory.Season04.Episode22,00:20:25.00
TheBigBangTheory.Season04.Episode23,00:19:03.06
TheBigBangTheory.Season04.Episode24,00:20:44.05
TheBigBangTheory.Season05.Episode01,00:20:35.41
TheBigBangTheory.Season05.Episode02,00:18:55.59
TheBigBangTheory.Season05.Episode03,00:19:16.39
TheBigBangTheory.Season05.Episode04,00:19:15.61
TheBigBangTheory.Season05.Episode05,00:20:37.01
TheBigBangTheory.Season05.Episode06,00:20:32.75
TheBigBangTheory.Season05.Episode07,00:19:02.76
TheBigBangTheory.Season05.Episode08,00:20:13.01
TheBigBangTheory.Season05.Episode09,00:20:29.40
TheBigBangTheory.Season05.Episode10,00:19:45.00
TheBigBangTheory.Season05.Episode11,00:18:50.41
TheBigBangTheory.Season05.Episode12,00:19:53.62
TheBigBangTheory.Season05.Episode13,00:20:28.39
TheBigBangTheory.Season05.Episode14,00:19:39.61
TheBigBangTheory.Season05.Episode15,00:19:42.25
TheBigBangTheory.Season05.Episode16,00:20:38.44
TheBigBangTheory.Season05.Episode17,00:20:24.04
TheBigBangTheory.Season05.Episode18,00:20:02.03
TheBigBangTheory.Season05.Episode19,00:19:26.83
TheBigBangTheory.Season05.Episode20,00:20:35.05
TheBigBangTheory.Season05.Episode21,00:18:32.04
TheBigBangTheory.Season05.Episode22,00:20:42.03
TheBigBangTheory.Season05.Episode23,00:20:37.03
TheBigBangTheory.Season05.Episode24,00:20:31.06
TheBigBangTheory.Season06.Episode01,00:20:19.61
TheBigBangTheory.Season06.Episode02,00:20:35.05
TheBigBangTheory.Season06.Episode03,00:18:51.56
TheBigBangTheory.Season06.Episode04,00:20:10.03
TheBigBangTheory.Season06.Episode05,00:20:44.05
TheBigBangTheory.Season06.Episode06,00:20:22.81
TheBigBangTheory.Season06.Episode07,00:20:44.05
TheBigBangTheory.Season06.Episode08,00:20:37.03
TheBigBangTheory.Season06.Episode09,00:19:13.05
TheBigBangTheory.Season06.Episode10,00:20:42.01
TheBigBangTheory.Season06.Episode11,00:20:23.00
TheBigBangTheory.Season06.Episode12,00:20:23.00
TheBigBangTheory.Season06.Episode13,00:20:16.60
TheBigBangTheory.Season06.Episode14,00:20:00.02
TheBigBangTheory.Season06.Episode15,00:20:09.05
TheBigBangTheory.Season06.Episode16,00:28:14.04
TheBigBangTheory.Season06.Episode17,00:19:36.60
TheBigBangTheory.Season06.Episode18,00:19:20.02
TheBigBangTheory.Season06.Episode19,00:19:03.00
TheBigBangTheory.Season06.Episode20,00:19:04.81
TheBigBangTheory.Season06.Episode21,00:20:43.05
TheBigBangTheory.Season06.Episode22,00:19:52.04
TheBigBangTheory.Season06.Episode23,00:19:17.85
TheBigBangTheory.Season06.Episode24,00:29:10.76
TheBigBangTheory.Season07.Episode01,00:20:30.04
TheBigBangTheory.Season07.Episode02,00:20:29.99
TheBigBangTheory.Season07.Episode03,00:20:01.00
TheBigBangTheory.Season07.Episode04,00:20:11.61
TheBigBangTheory.Season07.Episode05,00:19:48.59
TheBigBangTheory.Season07.Episode06,00:18:53.99
TheBigBangTheory.Season07.Episode07,00:19:19.59
TheBigBangTheory.Season07.Episode08,00:27:58.83
TheBigBangTheory.Season07.Episode09,00:18:32.60
TheBigBangTheory.Season07.Episode10,00:18:50.99
TheBigBangTheory.Season07.Episode11,00:20:31.00
TheBigBangTheory.Season07.Episode12,00:20:23.06
TheBigBangTheory.Season07.Episode13,00:19:55.05
TheBigBangTheory.Season07.Episode14,00:19:53.81
TheBigBangTheory.Season07.Episode15,00:19:11.79
TheBigBangTheory.Season07.Episode16,00:18:50.60
TheBigBangTheory.Season07.Episode17,00:18:29.03
TheBigBangTheory.Season07.Episode18,00:19:56.05
TheBigBangTheory.Season07.Episode19,00:18:34.20
TheBigBangTheory.Season07.Episode20,00:19:57.03
TheBigBangTheory.Season07.Episode21,00:18:06.61
TheBigBangTheory.Season07.Episode22,00:20:25.62
TheBigBangTheory.Season07.Episode23,00:18:30.61
TheBigBangTheory.Season07.Episode24,00:20:30.04
TheBigBangTheory.Season08.Episode01,00:20:21.61
TheBigBangTheory.Season08.Episode02,00:19:05.62
TheBigBangTheory.Season08.Episode03,00:18:39.00
TheBigBangTheory.Season08.Episode04,00:18:37.61
TheBigBangTheory.Season08.Episode05,00:20:39.59
TheBigBangTheory.Season08.Episode06,00:18:58.01
TheBigBangTheory.Season08.Episode07,00:19:17.61
TheBigBangTheory.Season08.Episode08,00:28:21.46
TheBigBangTheory.Season08.Episode09,00:19:12.41
TheBigBangTheory.Season08.Episode10,00:18:39.59
TheBigBangTheory.Season08.Episode11,00:18:40.02
TheBigBangTheory.Season08.Episode12,00:19:06.60
TheBigBangTheory.Season08.Episode13,00:19:31.41
TheBigBangTheory.Season08.Episode14,00:20:34.99
TheBigBangTheory.Season08.Episode15,00:19:27.59
TheBigBangTheory.Season08.Episode16,00:19:19.59
TheBigBangTheory.Season08.Episode17,00:19:21.00
TheBigBangTheory.Season08.Episode18,00:18:48.02
TheBigBangTheory.Season08.Episode19,00:20:39.40
TheBigBangTheory.Season08.Episode20,00:18:56.02
TheBigBangTheory.Season08.Episode21,00:18:02.01
TheBigBangTheory.Season08.Episode22,00:18:25.62
TheBigBangTheory.Season08.Episode23,00:18:11.05
TheBigBangTheory.Season08.Episode24,00:19:13.32
TheBigBangTheory.Season09.Episode01,00:19:36.17
TheBigBangTheory.Season09.Episode02,00:18:28.20
TheBigBangTheory.Season09.Episode03,00:18:45.35
TheBigBangTheory.Season09.Episode04,00:17:59.79
TheBigBangTheory.Season09.Episode05,00:18:22.93
TheBigBangTheory.Season09.Episode06,00:17:54.60
TheBigBangTheory.Season09.Episode07,00:18:25.94
TheBigBangTheory.Season09.Episode08,00:26:05.78
TheBigBangTheory.Season09.Episode09,00:20:12.76
TheBigBangTheory.Season09.Episode10,00:20:33.71
TheBigBangTheory.Season09.Episode11,00:20:36.52
TheBigBangTheory.Season09.Episode12,00:17:46.84
TheBigBangTheory.Season09.Episode13,00:18:06.93
TheBigBangTheory.Season09.Episode14,00:18:06.63
TheBigBangTheory.Season09.Episode15,00:18:57.94
TheBigBangTheory.Season09.Episode16,00:18:46.42
TheBigBangTheory.Season09.Episode17,00:18:12.39
TheBigBangTheory.Season09.Episode18,00:18:32.23
TheBigBangTheory.Season09.Episode19,00:19:53.49
TheBigBangTheory.Season09.Episode20,00:18:13.55
TheBigBangTheory.Season09.Episode21,00:17:51.47
TheBigBangTheory.Season09.Episode22,00:19:12.55
TheBigBangTheory.Season09.Episode23,00:17:51.27
TheBigBangTheory.Season09.Episode24,00:18:59.41
TheLordOfTheRings.Episode01,02:51:03.91
TheLordOfTheRings.Episode02,02:52:12.69
TheLordOfTheRings.Episode03,03:12:47.08
TheOffice.Season01.Episode01,00:22:27.22
TheOffice.Season01.Episode02,00:21:16.25
TheOffice.Season01.Episode03,00:21:12.04
TheOffice.Season01.Episode04,00:21:27.02
TheOffice.Season01.Episode05,00:21:32.01
TheOffice.Season01.Episode06,00:21:14.84
TheOffice.Season02.Episode01,00:20:03.63
TheOffice.Season02.Episode02,00:20:43.03
TheOffice.Season02.Episode03,00:20:39.02
TheOffice.Season02.Episode04,00:20:35.03
TheOffice.Season02.Episode05,00:21:01.03
TheOffice.Season02.Episode06,00:21:01.61
TheOffice.Season02.Episode07,00:20:42.41
TheOffice.Season02.Episode08,00:20:41.13
TheOffice.Season02.Episode09,00:21:13.11
TheOffice.Season02.Episode10,00:20:54.63
TheOffice.Season02.Episode11,00:20:14.83
TheOffice.Season02.Episode12,00:20:18.22
TheOffice.Season02.Episode13,00:20:18.03
TheOffice.Season02.Episode14,00:20:17.37
TheOffice.Season02.Episode15,00:20:31.83
TheOffice.Season02.Episode16,00:20:21.42
TheOffice.Season02.Episode17,00:20:21.29
TheOffice.Season02.Episode18,00:20:13.42
TheOffice.Season02.Episode19,00:20:18.35
TheOffice.Season02.Episode20,00:20:23.08
TheOffice.Season02.Episode21,00:20:20.37
TheOffice.Season02.Episode22,00:27:15.41
TheOffice.Season03.Episode01,00:21:09.03
TheOffice.Season03.Episode02,00:20:40.43
TheOffice.Season03.Episode03,00:20:20.01
TheOffice.Season03.Episode04,00:20:26.41
TheOffice.Season03.Episode05,00:20:26.65
TheOffice.Season03.Episode06,00:20:25.43
TheOffice.Season03.Episode07,00:20:34.03
TheOffice.Season03.Episode08,00:28:36.95
TheOffice.Season03.Episode09,00:20:24.43
TheOffice.Season03.Episode10,00:40:48.26
TheOffice.Season03.Episode11,00:20:23.45
TheOffice.Season03.Episode12,00:20:39.02
TheOffice.Season03.Episode13,00:20:24.62
TheOffice.Season03.Episode14,00:20:22.23
TheOffice.Season03.Episode15,00:20:23.21
TheOffice.Season03.Episode16,00:20:52.33
TheOffice.Season03.Episode17,00:20:24.62
TheOffice.Season03.Episode18,00:28:18.03
TheOffice.Season03.Episode19,00:20:24.81
TheOffice.Season03.Episode20,00:20:24.23
TheOffice.Season03.Episode21,00:27:48.63
TheOffice.Season03.Episode22,00:26:53.85
TheOffice.Season03.Episode23,00:40:48.49
TheOffice.Season04.Episode01,00:41:15.69
TheOffice.Season04.Episode02,00:41:18.02
TheOffice.Season04.Episode03,00:41:18.66
TheOffice.Season04.Episode04,00:41:15.31
TheOffice.Season04.Episode05,00:20:42.65
TheOffice.Season04.Episode06,00:20:56.62
TheOffice.Season04.Episode07,00:20:24.23
TheOffice.Season04.Episode08,00:20:41.43
TheOffice.Season04.Episode09,00:21:21.71
TheOffice.Season04.Episode10,00:20:50.35
TheOffice.Season04.Episode11,00:20:28.18
TheOffice.Season04.Episode12,00:21:10.23
TheOffice.Season04.Episode13,00:19:59.02
TheOffice.Season04.Episode14,00:41:26.29
TheOffice.Season05.Episode01,00:41:24.10
TheOffice.Season05.Episode02,00:20:44.91
TheOffice.Season05.Episode03,00:20:43.03
TheOffice.Season05.Episode04,00:20:43.03
TheOffice.Season05.Episode05,00:20:45.03
TheOffice.Season05.Episode06,00:20:53.85
TheOffice.Season05.Episode07,00:20:45.10
TheOffice.Season05.Episode08,00:20:24.75
TheOffice.Season05.Episode09,00:20:56.49
TheOffice.Season05.Episode10,00:20:43.67
TheOffice.Season05.Episode11,00:20:43.43
TheOffice.Season05.Episode12,00:20:44.25
TheOffice.Season05.Episode13,00:41:29.71
TheOffice.Season05.Episode14,00:20:44.18
TheOffice.Season05.Episode15,00:20:44.27
TheOffice.Season05.Episode16,00:20:44.46
TheOffice.Season05.Episode17,00:20:44.31
TheOffice.Season05.Episode18,00:20:44.37
TheOffice.Season05.Episode19,00:20:42.41
TheOffice.Season05.Episode20,00:20:34.26
TheOffice.Season05.Episode21,00:20:43.61
TheOffice.Season05.Episode22,00:20:43.82
TheOffice.Season05.Episode23,00:20:44.97
TheOffice.Season05.Episode24,00:20:44.18
TheOffice.Season05.Episode25,00:20:45.03
TheOffice.Season05.Episode26,00:20:43.95
TheOffice.Season06.Episode01,00:21:06.52
TheOffice.Season06.Episode02,00:21:11.64
TheOffice.Season06.Episode03,00:21:12.30
TheOffice.Season06.Episode04,00:21:11.51
TheOffice.Season06.Episode05,00:21:09.72
TheOffice.Season06.Episode06,00:21:10.51
TheOffice.Season06.Episode07,00:21:12.53
TheOffice.Season06.Episode08,00:21:10.12
TheOffice.Season06.Episode09,00:21:14.52
TheOffice.Season06.Episode10,00:21:10.51
TheOffice.Season06.Episode11,00:21:10.51
TheOffice.Season06.Episode12,00:21:11.13
TheOffice.Season06.Episode13,00:21:12.11
TheOffice.Season06.Episode14,00:21:14.33
TheOffice.Season06.Episode15,00:21:12.11
TheOffice.Season06.Episode16,00:21:12.53
TheOffice.Season06.Episode17,00:21:11.72
TheOffice.Season06.Episode18,00:21:13.11
TheOffice.Season06.Episode19,00:21:12.53
TheOffice.Season06.Episode20,00:21:10.12
TheOffice.Season06.Episode21,00:21:12.53
TheOffice.Season06.Episode22,00:21:12.53
TheOffice.Season06.Episode23,00:21:12.53
TheOffice.Season06.Episode24,00:21:09.10
TheOffice.Season06.Episode25,00:21:12.53
TheOffice.Season06.Episode26,00:21:13.51
TheOffice.Season07.Episode01,00:21:11.66
TheOffice.Season07.Episode02,00:21:10.04
TheOffice.Season07.Episode03,00:21:13.83
TheOffice.Season07.Episode04,00:21:11.83
TheOffice.Season07.Episode05,00:21:11.64
TheOffice.Season07.Episode06,00:21:10.70
TheOffice.Season07.Episode07,00:21:11.34
TheOffice.Season07.Episode08,00:21:08.27
TheOffice.Season07.Episode09,00:21:08.95
TheOffice.Season07.Episode10,00:21:15.18
TheOffice.Season07.Episode11,00:42:23.42
TheOffice.Season07.Episode12,00:21:12.41
TheOffice.Season07.Episode13,00:21:12.23
TheOffice.Season07.Episode14,00:21:10.87
TheOffice.Season07.Episode15,00:21:12.17
TheOffice.Season07.Episode16,00:21:13.30
TheOffice.Season07.Episode17,00:21:12.81
TheOffice.Season07.Episode18,00:21:12.49
TheOffice.Season07.Episode19,00:21:11.79
TheOffice.Season07.Episode20,00:21:12.87
TheOffice.Season07.Episode21,00:41:25.10
TheOffice.Season07.Episode22,00:21:11.45
TheOffice.Season07.Episode23,00:21:10.55
TheOffice.Season07.Episode24,00:42:22.14
TheOffice.Season08.Episode01,00:21:14.07
TheOffice.Season08.Episode02,00:21:14.90
TheOffice.Season08.Episode03,00:21:12.75
TheOffice.Season08.Episode04,00:21:11.91
TheOffice.Season08.Episode05,00:21:13.83
TheOffice.Season08.Episode06,00:21:11.91
TheOffice.Season08.Episode07,00:21:13.94
TheOffice.Season08.Episode08,00:21:13.71
TheOffice.Season08.Episode09,00:21:13.83
TheOffice.Season08.Episode10,00:21:13.94
TheOffice.Season08.Episode11,00:21:14.90
TheOffice.Season08.Episode12,00:21:12.41
TheOffice.Season08.Episode13,00:21:21.69
TheOffice.Season08.Episode14,00:21:13.94
TheOffice.Season08.Episode15,00:21:11.91
TheOffice.Season08.Episode16,00:21:13.94
TheOffice.Season08.Episode17,00:21:15.50
TheOffice.Season08.Episode18,00:21:12.87
TheOffice.Season08.Episode19,00:21:13.24
TheOffice.Season08.Episode20,00:21:12.49
TheOffice.Season08.Episode21,00:21:13.11
TheOffice.Season08.Episode22,00:21:13.37
TheOffice.Season08.Episode23,00:21:12.15
TheOffice.Season08.Episode24,00:21:13.58
TheOffice.Season09.Episode01,00:21:11.51
TheOffice.Season09.Episode02,00:21:11.57
TheOffice.Season09.Episode03,00:21:12.02
TheOffice.Season09.Episode04,00:21:07.31
TheOffice.Season09.Episode05,00:21:08.65
TheOffice.Season09.Episode06,00:21:08.71
TheOffice.Season09.Episode07,00:21:12.43
TheOffice.Season09.Episode08,00:21:07.80
TheOffice.Season09.Episode09,00:21:09.67
TheOffice.Season09.Episode10,00:21:08.95
TheOffice.Season09.Episode11,00:21:05.94
TheOffice.Season09.Episode12,00:21:08.95
TheOffice.Season09.Episode13,00:21:07.99
TheOffice.Season09.Episode14,00:21:07.54
TheOffice.Season09.Episode15,00:21:06.58
TheOffice.Season09.Episode16,00:39:49.35
TheOffice.Season09.Episode17,00:21:08.46
TheOffice.Season09.Episode18,00:21:08.76
TheOffice.Season09.Episode19,00:21:07.11
TheOffice.Season09.Episode20,00:21:08.76
TheOffice.Season09.Episode21,00:38:51.69
TheOffice.Season09.Episode22,00:41:25.27
TheOffice.Season09.Episode23,00:48:44.78
TheWalkingDead.Season01.Episode01,01:04:34.60
TheWalkingDead.Season01.Episode02,00:42:53.01
TheWalkingDead.Season01.Episode03,00:43:14.47
TheWalkingDead.Season01.Episode04,00:42:56.23
TheWalkingDead.Season01.Episode05,00:43:11.57
TheWalkingDead.Season01.Episode06,00:43:32.59
TheWalkingDead.Season02.Episode01,01:00:10.13
TheWalkingDead.Season02.Episode02,00:40:45.08
TheWalkingDead.Season02.Episode03,00:41:30.45
TheWalkingDead.Season02.Episode04,00:41:37.75
TheWalkingDead.Season02.Episode05,00:40:54.55
TheWalkingDead.Season02.Episode06,00:41:14.92
TheWalkingDead.Season02.Episode07,00:41:04.15
TheWalkingDead.Season02.Episode08,00:41:10.12
TheWalkingDead.Season02.Episode09,00:41:10.87
TheWalkingDead.Season02.Episode10,00:40:48.75
TheWalkingDead.Season02.Episode11,00:41:12.75
TheWalkingDead.Season02.Episode12,00:41:21.45
TheWalkingDead.Season02.Episode13,00:41:11.96
TheWalkingDead.Season03.Episode01,00:41:22.65
TheWalkingDead.Season03.Episode02,00:41:22.15
TheWalkingDead.Season03.Episode03,00:41:22.01
TheWalkingDead.Season03.Episode04,00:41:22.67
TheWalkingDead.Season03.Episode05,00:41:22.15
TheWalkingDead.Season03.Episode06,00:41:22.13
TheWalkingDead.Season03.Episode07,00:41:22.01
TheWalkingDead.Season03.Episode08,00:41:22.15
TheWalkingDead.Season03.Episode09,00:41:21.69
TheWalkingDead.Season03.Episode10,00:41:22.01
TheWalkingDead.Season03.Episode11,00:41:21.69
TheWalkingDead.Season03.Episode12,00:41:22.15
TheWalkingDead.Season03.Episode13,00:41:22.03
TheWalkingDead.Season03.Episode14,00:41:22.13
TheWalkingDead.Season03.Episode15,00:41:21.32
TheWalkingDead.Season03.Episode16,00:41:29.83
TheWalkingDead.Season04.Episode01,00:41:21.88
TheWalkingDead.Season04.Episode02,00:41:22.01
TheWalkingDead.Season04.Episode03,00:41:14.97
TheWalkingDead.Season04.Episode04,00:41:22.13
TheWalkingDead.Season04.Episode05,00:41:22.03
TheWalkingDead.Season04.Episode06,00:41:22.03
TheWalkingDead.Season04.Episode07,00:41:22.03
TheWalkingDead.Season04.Episode08,00:41:22.03
TheWalkingDead.Season04.Episode09,00:41:13.07
TheWalkingDead.Season04.Episode10,00:41:22.15
TheWalkingDead.Season04.Episode11,00:41:18.31
TheWalkingDead.Season04.Episode12,00:41:31.11
TheWalkingDead.Season04.Episode13,00:41:31.61
TheWalkingDead.Season04.Episode14,00:41:27.72
TheWalkingDead.Season04.Episode15,00:41:31.61
TheWalkingDead.Season04.Episode16,00:41:21.37
TheWalkingDead.Season05.Episode01,00:42:00.41
TheWalkingDead.Season05.Episode02,00:41:22.01
TheWalkingDead.Season05.Episode03,00:41:31.43
TheWalkingDead.Season05.Episode04,00:41:17.65
TheWalkingDead.Season05.Episode05,00:41:15.31
TheWalkingDead.Season05.Episode06,00:41:12.53
TheWalkingDead.Season05.Episode07,00:41:17.35
TheWalkingDead.Season05.Episode08,00:41:15.29
TheWalkingDead.Season05.Episode09,00:41:17.23
TheWalkingDead.Season05.Episode10,00:41:17.23
TheWalkingDead.Season05.Episode11,00:41:17.21
TheWalkingDead.Season05.Episode12,00:41:15.93
TheWalkingDead.Season05.Episode13,00:41:09.08
TheWalkingDead.Season05.Episode14,00:41:16.05
TheWalkingDead.Season05.Episode15,00:41:16.25
TheWalkingDead.Season05.Episode16,01:01:59.15
TheWalkingDead.Season06.Episode01,01:02:05.97
TheWalkingDead.Season06.Episode02,00:41:17.27
TheWalkingDead.Season06.Episode03,00:41:17.21
TheWalkingDead.Season06.Episode04,01:02:05.91
TheWalkingDead.Season06.Episode05,00:41:17.27
TheWalkingDead.Season06.Episode06,00:41:17.27
TheWalkingDead.Season06.Episode07,00:41:17.27
TheWalkingDead.Season06.Episode08,00:42:58.01
TheWalkingDead.Season06.Episode09,00:41:14.92
TheWalkingDead.Season06.Episode10,00:41:07.75
TheWalkingDead.Season06.Episode11,00:41:17.33
TheWalkingDead.Season06.Episode12,00:41:16.37
TheWalkingDead.Season06.Episode13,00:41:12.04
TheWalkingDead.Season06.Episode14,00:41:17.33
TheWalkingDead.Season06.Episode15,00:41:08.39
TheWalkingDead.Season06.Episode16,01:01:57.48
TheWalkingDead.Season07.Episode01,00:44:13.08
TheWalkingDead.Season07.Episode02,00:44:15.66
TheWalkingDead.Season07.Episode03,00:40:56.15
TheWalkingDead.Season07.Episode04,00:56:59.75
TheWalkingDead.Season07.Episode05,00:42:19.35
TheWalkingDead.Season07.Episode06,00:47:44.36
TheWalkingDead.Season07.Episode07,01:00:00.62
TheWalkingDead.Season07.Episode08,00:57:34.70
TheWalkingDead.Season07.Episode09,00:49:38.47
TheWalkingDead.Season07.Episode10,00:44:11.29
TheWalkingDead.Season07.Episode11,00:46:56.73
TheWalkingDead.Season07.Episode12,00:41:09.08
TheWalkingDead.Season07.Episode13,00:45:10.61
TheWalkingDead.Season07.Episode14,00:44:58.99
TheWalkingDead.Season07.Episode15,00:41:16.57
TheWalkingDead.Season07.Episode16,00:57:40.25
